
> picture@1.0.0 build
> node -e "var fs=require('fs'); try{fs.rmSync('.astro',{recursive:true,force:true})}catch(e){}" && astro build

[2m10:31:44[22m [34m[content][39m Syncing content
[2m10:31:46[22m [34m[content][39m Synced content
[2m10:31:46[22m [34m[types][39m Generated [2m2.54s[22m
[2m10:31:46[22m [34m[build][39m output: [34m"static"[39m
[2m10:31:46[22m [34m[build][39m mode: [34m"static"[39m
[2m10:31:46[22m [34m[build][39m directory: [34mC:\Hank\Other\project\picture\dist\[39m
[2m10:31:46[22m [34m[build][39m Collecting build info...
[2m10:31:46[22m [34m[build][39m [32m✓ Completed in 2.69s.[39m
[2m10:31:47[22m [34m[build][39m Building static entrypoints...
[2m10:32:02[22m [34m[vite][39m [32m✓ built in 14.66s[39m
[2m10:32:02[22m [34m[build][39m [32m✓ Completed in 14.70s.[39m

[42m[30m building client (vite) [39m[49m
[2m10:32:02[22m [34m[vite][39m transforming...
[2m10:32:03[22m [34m[vite][39m [32m✓[39m 14 modules transformed.
[2m10:32:03[22m [34m[vite][39m rendering chunks...
[2m10:32:03[22m [34m[vite][39m computing gzip size...
[2m10:32:03[22m [34m[vite][39m [2mdist/[22m[36m_astro/search.astro_astro_type_script_index_0_lang.C2MVZMJC.js          [39m[1m[2m  3.29 kB[22m[1m[22m[2m │ gzip:  1.38 kB[22m
[2m10:32:03[22m [34m[vite][39m [2mdist/[22m[36m_astro/InteractiveMap.astro_astro_type_script_index_0_lang.D2rhfxmm.js  [39m[1m[2m152.24 kB[22m[1m[22m[2m │ gzip: 44.60 kB[22m
[2m10:32:03[22m [34m[vite][39m [32m✓ built in 532ms[39m

[42m[30m generating static routes [39m[49m
[2m10:32:03[22m [32m▶[39m src/pages/404.astro
[2m10:32:03[22m   [34m└─[39m [2m/404.html[22m [2m(+11ms)[22m 
[2m10:32:03[22m [32m▶[39m src/pages/about.astro
[2m10:32:03[22m   [34m└─[39m [2m/about/index.html[22m [31m(+690ms)[39m 
[2m10:32:03[22m [32m▶[39m src/pages/category/travel.astro
[2m10:32:03[22m   [34m└─[39m [2m/category/travel/index.html[22m [2m(+24ms)[22m 
[2m10:32:03[22m [32m▶[39m src/pages/category/[...slug].astro
[Build] Skipping invalid category slug: *宜蘭五結美食*【湯蒸火鍋】在地人推薦的高CP值火鍋店
[Build] Skipping invalid category slug: 鞋款/手錶推薦
[2m10:32:03[22m   [34m├─[39m [2m/category/domestic-food/index.html[22m [2m(+17ms)[22m 
[2m10:32:04[22m   [34m├─[39m [2m/category/domestic-food/2/index.html[22m [2m(+14ms)[22m 
[2m10:32:04[22m   [34m├─[39m [2m/category/domestic-food/3/index.html[22m [2m(+19ms)[22m 
[2m10:32:04[22m   [34m├─[39m [2m/category/domestic-food/4/index.html[22m [2m(+20ms)[22m 
[2m10:32:04[22m   [34m├─[39m [2m/category/domestic-food/5/index.html[22m [2m(+17ms)[22m 
[2m10:32:04[22m   [34m├─[39m [2m/category/domestic-food/6/index.html[22m [2m(+19ms)[22m 
[2m10:32:04[22m   [34m├─[39m [2m/category/domestic-food/7/index.html[22m [2m(+18ms)[22m 
[2m10:32:04[22m   [34m├─[39m [2m/category/domestic-food/8/index.html[22m [2m(+25ms)[22m 
[2m10:32:04[22m   [34m├─[39m [2m/category/domestic-food/9/index.html[22m [2m(+25ms)[22m 
[2m10:32:04[22m   [34m├─[39m [2m/category/domestic-food/10/index.html[22m [2m(+22ms)[22m 
[2m10:32:04[22m   [34m├─[39m [2m/category/domestic-food/11/index.html[22m [2m(+15ms)[22m 
[2m10:32:04[22m   [34m├─[39m [2m/category/domestic-food/12/index.html[22m [2m(+18ms)[22m 
[2m10:32:04[22m   [34m├─[39m [2m/category/domestic-food/13/index.html[22m [2m(+18ms)[22m 
[2m10:32:04[22m   [34m├─[39m [2m/category/domestic-food/14/index.html[22m [2m(+21ms)[22m 
[2m10:32:04[22m   [34m├─[39m [2m/category/domestic-food/15/index.html[22m [2m(+22ms)[22m 
[2m10:32:04[22m   [34m├─[39m [2m/category/domestic-food/16/index.html[22m [2m(+17ms)[22m 
[2m10:32:04[22m   [34m├─[39m [2m/category/domestic-food/17/index.html[22m [2m(+14ms)[22m 
[2m10:32:04[22m   [34m├─[39m [2m/category/domestic-food/18/index.html[22m [2m(+16ms)[22m 
[2m10:32:04[22m   [34m├─[39m [2m/category/domestic-food/19/index.html[22m [2m(+17ms)[22m 
[2m10:32:04[22m   [34m├─[39m [2m/category/domestic-food/20/index.html[22m [2m(+16ms)[22m 
[2m10:32:04[22m   [34m├─[39m [2m/category/domestic-food/21/index.html[22m [2m(+18ms)[22m 
[2m10:32:04[22m   [34m├─[39m [2m/category/domestic-food/22/index.html[22m [2m(+18ms)[22m 
[2m10:32:04[22m   [34m├─[39m [2m/category/domestic-food/23/index.html[22m [2m(+17ms)[22m 
[2m10:32:04[22m   [34m├─[39m [2m/category/domestic-food/24/index.html[22m [2m(+16ms)[22m 
[2m10:32:04[22m   [34m├─[39m [2m/category/domestic-food/25/index.html[22m [2m(+15ms)[22m 
[2m10:32:04[22m   [34m├─[39m [2m/category/domestic-food/26/index.html[22m [2m(+19ms)[22m 
[2m10:32:04[22m   [34m├─[39m [2m/category/domestic-food/27/index.html[22m [2m(+16ms)[22m 
[2m10:32:04[22m   [34m├─[39m [2m/category/domestic-food/28/index.html[22m [2m(+18ms)[22m 
[2m10:32:04[22m   [34m├─[39m [2m/category/domestic-food/29/index.html[22m [2m(+16ms)[22m 
[2m10:32:04[22m   [34m├─[39m [2m/category/domestic-food/30/index.html[22m [2m(+15ms)[22m 
[2m10:32:04[22m   [34m├─[39m [2m/category/domestic-food/31/index.html[22m [2m(+15ms)[22m 
[2m10:32:04[22m   [34m├─[39m [2m/category/domestic-food/32/index.html[22m [2m(+14ms)[22m 
[2m10:32:04[22m   [34m├─[39m [2m/category/domestic-food/33/index.html[22m [2m(+18ms)[22m 
[2m10:32:04[22m   [34m├─[39m [2m/category/domestic-food/34/index.html[22m [2m(+15ms)[22m 
[2m10:32:04[22m   [34m├─[39m [2m/category/domestic-food/35/index.html[22m [2m(+18ms)[22m 
[2m10:32:04[22m   [34m├─[39m [2m/category/domestic-food/36/index.html[22m [2m(+16ms)[22m 
[2m10:32:04[22m   [34m├─[39m [2m/category/domestic-food/37/index.html[22m [2m(+16ms)[22m 
[2m10:32:04[22m   [34m├─[39m [2m/category/domestic-travel/index.html[22m [2m(+21ms)[22m 
[2m10:32:04[22m   [34m├─[39m [2m/category/domestic-travel/2/index.html[22m [2m(+16ms)[22m 
[2m10:32:04[22m   [34m├─[39m [2m/category/domestic-travel/3/index.html[22m [2m(+17ms)[22m 
[2m10:32:04[22m   [34m├─[39m [2m/category/domestic-travel/4/index.html[22m [2m(+20ms)[22m 
[2m10:32:04[22m   [34m├─[39m [2m/category/domestic-travel/5/index.html[22m [2m(+15ms)[22m 
[2m10:32:04[22m   [34m├─[39m [2m/category/domestic-travel/6/index.html[22m [2m(+14ms)[22m 
[2m10:32:04[22m   [34m├─[39m [2m/category/domestic-travel/7/index.html[22m [2m(+14ms)[22m 
[2m10:32:04[22m   [34m├─[39m [2m/category/domestic-travel/8/index.html[22m [2m(+16ms)[22m 
[2m10:32:04[22m   [34m├─[39m [2m/category/domestic-travel/9/index.html[22m [2m(+14ms)[22m 
[2m10:32:04[22m   [34m├─[39m [2m/category/domestic-travel/10/index.html[22m [2m(+15ms)[22m 
[2m10:32:04[22m   [34m├─[39m [2m/category/domestic-travel/11/index.html[22m [2m(+15ms)[22m 
[2m10:32:04[22m   [34m├─[39m [2m/category/domestic-travel/12/index.html[22m [2m(+16ms)[22m 
[2m10:32:04[22m   [34m├─[39m [2m/category/domestic-travel/13/index.html[22m [2m(+16ms)[22m 
[2m10:32:04[22m   [34m├─[39m [2m/category/domestic-travel/14/index.html[22m [2m(+15ms)[22m 
[2m10:32:04[22m   [34m├─[39m [2m/category/domestic-hotel/index.html[22m [2m(+17ms)[22m 
[2m10:32:04[22m   [34m├─[39m [2m/category/domestic-hotel/2/index.html[22m [2m(+19ms)[22m 
[2m10:32:04[22m   [34m├─[39m [2m/category/domestic-hotel/3/index.html[22m [2m(+22ms)[22m 
[2m10:32:04[22m   [34m├─[39m [2m/category/foreign-travel/index.html[22m [2m(+16ms)[22m 
[2m10:32:04[22m   [34m├─[39m [2m/category/fashion/index.html[22m [2m(+18ms)[22m 
[2m10:32:04[22m   [34m├─[39m [2m/category/fashion/2/index.html[22m [2m(+32ms)[22m 
[2m10:32:05[22m   [34m├─[39m [2m/category/unboxing/index.html[22m [2m(+16ms)[22m 
[2m10:32:05[22m   [34m├─[39m [2m/category/unboxing/2/index.html[22m [2m(+17ms)[22m 
[2m10:32:05[22m   [34m├─[39m [2m/category/unboxing/3/index.html[22m [2m(+17ms)[22m 
[2m10:32:05[22m   [34m├─[39m [2m/category/unboxing/4/index.html[22m [2m(+15ms)[22m 
[2m10:32:05[22m   [34m├─[39m [2m/category/unboxing/5/index.html[22m [2m(+17ms)[22m 
[2m10:32:05[22m   [34m├─[39m [2m/category/parenting/index.html[22m [2m(+22ms)[22m 
[2m10:32:05[22m   [34m├─[39m [2m/category/parenting/2/index.html[22m [2m(+15ms)[22m 
[2m10:32:05[22m   [34m├─[39m [2m/category/wedding/index.html[22m [2m(+16ms)[22m 
[2m10:32:05[22m   [34m├─[39m [2m/category/lifestyle/index.html[22m [2m(+16ms)[22m 
[2m10:32:05[22m   [34m├─[39m [2m/category/lifestyle/2/index.html[22m [2m(+19ms)[22m 
[2m10:32:05[22m   [34m├─[39m [2m/category/investment/index.html[22m [2m(+18ms)[22m 
[2m10:32:05[22m   [34m├─[39m [2m/category/arduino/index.html[22m [2m(+16ms)[22m 
[2m10:32:05[22m   [34m├─[39m [2m/category/tools/index.html[22m [2m(+15ms)[22m 
[2m10:32:05[22m   [34m├─[39m [2m/category/other/index.html[22m [2m(+15ms)[22m 
[2m10:32:05[22m   [34m├─[39m [2m/category/台中/index.html[22m [2m(+15ms)[22m 
[2m10:32:05[22m   [34m├─[39m [2m/category/台中/2/index.html[22m [2m(+14ms)[22m 
[2m10:32:05[22m   [34m├─[39m [2m/category/特賣/index.html[22m [2m(+14ms)[22m 
[2m10:32:05[22m   [34m├─[39m [2m/category/日曜天地/index.html[22m [2m(+18ms)[22m 
[2m10:32:05[22m   [34m├─[39m [2m/category/OUTLET/index.html[22m [2m(+18ms)[22m 
[2m10:32:05[22m   [34m├─[39m [2m/category/台北約會餐廳/index.html[22m [2m(+16ms)[22m 
[2m10:32:05[22m   [34m├─[39m [2m/category/台北聚餐推薦/index.html[22m [2m(+15ms)[22m 
[2m10:32:05[22m   [34m├─[39m [2m/category/阪前鐵板燒/index.html[22m [2m(+21ms)[22m 
[2m10:32:05[22m   [34m├─[39m [2m/category/台北鐵板燒/index.html[22m [2m(+15ms)[22m 
[2m10:32:05[22m   [34m├─[39m [2m/category/阪前鐵板燒台北安和店/index.html[22m [2m(+16ms)[22m 
[2m10:32:05[22m   [34m├─[39m [2m/category/捷運信義安和站美食/index.html[22m [2m(+23ms)[22m 
[2m10:32:05[22m   [34m├─[39m [2m/category/信義安和美食/index.html[22m [2m(+20ms)[22m 
[2m10:32:05[22m   [34m├─[39m [2m/category/台北美食/index.html[22m [2m(+26ms)[22m 
[2m10:32:05[22m   [34m├─[39m [2m/category/台北美食/2/index.html[22m [2m(+24ms)[22m 
[2m10:32:05[22m   [34m├─[39m [2m/category/台北美食/3/index.html[22m [2m(+24ms)[22m 
[2m10:32:05[22m   [34m├─[39m [2m/category/台北美食/4/index.html[22m [2m(+23ms)[22m 
[2m10:32:05[22m   [34m├─[39m [2m/category/台北美食/5/index.html[22m [2m(+15ms)[22m 
[2m10:32:05[22m   [34m├─[39m [2m/category/台北美食/6/index.html[22m [2m(+16ms)[22m 
[2m10:32:05[22m   [34m├─[39m [2m/category/台北美食/7/index.html[22m [2m(+20ms)[22m 
[2m10:32:05[22m   [34m├─[39m [2m/category/台北美食/8/index.html[22m [2m(+16ms)[22m 
[2m10:32:05[22m   [34m├─[39m [2m/category/台北美食/9/index.html[22m [2m(+20ms)[22m 
[2m10:32:05[22m   [34m├─[39m [2m/category/台北美食/10/index.html[22m [2m(+19ms)[22m 
[2m10:32:05[22m   [34m├─[39m [2m/category/台北美食/11/index.html[22m [2m(+21ms)[22m 
[2m10:32:05[22m   [34m├─[39m [2m/category/台北美食/12/index.html[22m [2m(+17ms)[22m 
[2m10:32:05[22m   [34m├─[39m [2m/category/台北美食/13/index.html[22m [2m(+19ms)[22m 
[2m10:32:05[22m   [34m├─[39m [2m/category/台北美食/14/index.html[22m [2m(+15ms)[22m 
[2m10:32:05[22m   [34m├─[39m [2m/category/台北美食/15/index.html[22m [2m(+20ms)[22m 
[2m10:32:05[22m   [34m├─[39m [2m/category/台北美食/16/index.html[22m [2m(+17ms)[22m 
[2m10:32:05[22m   [34m├─[39m [2m/category/台北美食/17/index.html[22m [2m(+19ms)[22m 
[2m10:32:05[22m   [34m├─[39m [2m/category/台北美食/18/index.html[22m [2m(+16ms)[22m 
[2m10:32:05[22m   [34m├─[39m [2m/category/保健食品/index.html[22m [2m(+16ms)[22m 
[2m10:32:05[22m   [34m├─[39m [2m/category/桃園美食/index.html[22m [2m(+15ms)[22m 
[2m10:32:05[22m   [34m├─[39m [2m/category/桃園美食/2/index.html[22m [2m(+14ms)[22m 
[2m10:32:05[22m   [34m├─[39m [2m/category/滋補養身食品/index.html[22m [2m(+16ms)[22m 
[2m10:32:05[22m   [34m├─[39m [2m/category/2025香港自由行/index.html[22m [2m(+16ms)[22m 
[2m10:32:05[22m   [34m├─[39m [2m/category/居家好物/index.html[22m [2m(+17ms)[22m 
[2m10:32:05[22m   [34m├─[39m [2m/category/新北市美食/index.html[22m [2m(+17ms)[22m 
[2m10:32:05[22m   [34m├─[39m [2m/category/新北市美食/2/index.html[22m [2m(+16ms)[22m 
[2m10:32:05[22m   [34m├─[39m [2m/category/新北市美食/3/index.html[22m [2m(+17ms)[22m 
[2m10:32:05[22m   [34m├─[39m [2m/category/新北市美食/4/index.html[22m [2m(+18ms)[22m 
[2m10:32:05[22m   [34m├─[39m [2m/category/新北市美食/5/index.html[22m [2m(+15ms)[22m 
[2m10:32:05[22m   [34m├─[39m [2m/category/新北市美食/6/index.html[22m [2m(+14ms)[22m 
[2m10:32:05[22m   [34m├─[39m [2m/category/新北市美食/7/index.html[22m [2m(+19ms)[22m 
[2m10:32:06[22m   [34m├─[39m [2m/category/新北市美食/8/index.html[22m [2m(+16ms)[22m 
[2m10:32:06[22m   [34m├─[39m [2m/category/新北市美食/9/index.html[22m [2m(+25ms)[22m 
[2m10:32:06[22m   [34m├─[39m [2m/category/新北市美食/10/index.html[22m [2m(+23ms)[22m 
[2m10:32:06[22m   [34m├─[39m [2m/category/新北市美食/11/index.html[22m [2m(+21ms)[22m 
[2m10:32:06[22m   [34m├─[39m [2m/category/新北市美食/12/index.html[22m [2m(+22ms)[22m 
[2m10:32:06[22m   [34m├─[39m [2m/category/創作/index.html[22m [2m(+26ms)[22m 
[2m10:32:06[22m   [34m├─[39m [2m/category/pixnet/index.html[22m [2m(+18ms)[22m 
[2m10:32:06[22m   [34m├─[39m [2m/category/pixnet/2/index.html[22m [2m(+18ms)[22m 
[2m10:32:06[22m   [34m├─[39m [2m/category/pixnet/3/index.html[22m [2m(+17ms)[22m 
[2m10:32:06[22m   [34m├─[39m [2m/category/pixnet/4/index.html[22m [2m(+15ms)[22m 
[2m10:32:06[22m   [34m├─[39m [2m/category/pixnet/5/index.html[22m [2m(+15ms)[22m 
[2m10:32:06[22m   [34m├─[39m [2m/category/pixnet/6/index.html[22m [2m(+18ms)[22m 
[2m10:32:06[22m   [34m├─[39m [2m/category/pixnet/7/index.html[22m [2m(+18ms)[22m 
[2m10:32:06[22m   [34m├─[39m [2m/category/pixnet/8/index.html[22m [2m(+15ms)[22m 
[2m10:32:06[22m   [34m├─[39m [2m/category/pixnet/9/index.html[22m [2m(+21ms)[22m 
[2m10:32:06[22m   [34m├─[39m [2m/category/pixnet/10/index.html[22m [2m(+17ms)[22m 
[2m10:32:06[22m   [34m├─[39m [2m/category/pixnet/11/index.html[22m [2m(+16ms)[22m 
[2m10:32:06[22m   [34m├─[39m [2m/category/pixnet/12/index.html[22m [2m(+17ms)[22m 
[2m10:32:06[22m   [34m├─[39m [2m/category/pixnet/13/index.html[22m [2m(+19ms)[22m 
[2m10:32:06[22m   [34m├─[39m [2m/category/pixnet/14/index.html[22m [2m(+15ms)[22m 
[2m10:32:06[22m   [34m├─[39m [2m/category/pixnet/15/index.html[22m [2m(+16ms)[22m 
[2m10:32:06[22m   [34m├─[39m [2m/category/pixnet/16/index.html[22m [2m(+15ms)[22m 
[2m10:32:06[22m   [34m├─[39m [2m/category/pixnet/17/index.html[22m [2m(+16ms)[22m 
[2m10:32:06[22m   [34m├─[39m [2m/category/pixnet/18/index.html[22m [2m(+17ms)[22m 
[2m10:32:06[22m   [34m├─[39m [2m/category/pixnet/19/index.html[22m [2m(+13ms)[22m 
[2m10:32:06[22m   [34m├─[39m [2m/category/pixnet/20/index.html[22m [2m(+18ms)[22m 
[2m10:32:06[22m   [34m├─[39m [2m/category/pixnet/21/index.html[22m [2m(+21ms)[22m 
[2m10:32:06[22m   [34m├─[39m [2m/category/pixnet/22/index.html[22m [2m(+15ms)[22m 
[2m10:32:06[22m   [34m├─[39m [2m/category/pixnet/23/index.html[22m [2m(+24ms)[22m 
[2m10:32:06[22m   [34m├─[39m [2m/category/pixnet/24/index.html[22m [2m(+18ms)[22m 
[2m10:32:06[22m   [34m├─[39m [2m/category/pixnet/25/index.html[22m [2m(+15ms)[22m 
[2m10:32:06[22m   [34m├─[39m [2m/category/pixnet/26/index.html[22m [2m(+20ms)[22m 
[2m10:32:06[22m   [34m├─[39m [2m/category/pixnet/27/index.html[22m [2m(+18ms)[22m 
[2m10:32:06[22m   [34m├─[39m [2m/category/pixnet/28/index.html[22m [2m(+15ms)[22m 
[2m10:32:06[22m   [34m├─[39m [2m/category/pixnet/29/index.html[22m [2m(+17ms)[22m 
[2m10:32:06[22m   [34m├─[39m [2m/category/pixnet/30/index.html[22m [2m(+25ms)[22m 
[2m10:32:06[22m   [34m├─[39m [2m/category/pixnet/31/index.html[22m [2m(+16ms)[22m 
[2m10:32:06[22m   [34m├─[39m [2m/category/pixnet/32/index.html[22m [2m(+14ms)[22m 
[2m10:32:06[22m   [34m├─[39m [2m/category/pixnet/33/index.html[22m [2m(+15ms)[22m 
[2m10:32:06[22m   [34m├─[39m [2m/category/pixnet/34/index.html[22m [2m(+15ms)[22m 
[2m10:32:06[22m   [34m├─[39m [2m/category/pixnet/35/index.html[22m [2m(+16ms)[22m 
[2m10:32:06[22m   [34m├─[39m [2m/category/pixnet/36/index.html[22m [2m(+19ms)[22m 
[2m10:32:06[22m   [34m├─[39m [2m/category/pixnet/37/index.html[22m [2m(+15ms)[22m 
[2m10:32:06[22m   [34m├─[39m [2m/category/pixnet/38/index.html[22m [2m(+16ms)[22m 
[2m10:32:06[22m   [34m├─[39m [2m/category/pixnet/39/index.html[22m [2m(+16ms)[22m 
[2m10:32:06[22m   [34m├─[39m [2m/category/pixnet/40/index.html[22m [2m(+21ms)[22m 
[2m10:32:06[22m   [34m├─[39m [2m/category/pixnet/41/index.html[22m [2m(+16ms)[22m 
[2m10:32:06[22m   [34m├─[39m [2m/category/pixnet/42/index.html[22m [2m(+22ms)[22m 
[2m10:32:06[22m   [34m├─[39m [2m/category/pixnet/43/index.html[22m [2m(+19ms)[22m 
[2m10:32:06[22m   [34m├─[39m [2m/category/pixnet/44/index.html[22m [2m(+15ms)[22m 
[2m10:32:06[22m   [34m├─[39m [2m/category/pixnet/45/index.html[22m [2m(+15ms)[22m 
[2m10:32:06[22m   [34m├─[39m [2m/category/pixnet/46/index.html[22m [2m(+14ms)[22m 
[2m10:32:06[22m   [34m├─[39m [2m/category/pixnet/47/index.html[22m [2m(+14ms)[22m 
[2m10:32:06[22m   [34m├─[39m [2m/category/pixnet/48/index.html[22m [2m(+14ms)[22m 
[2m10:32:06[22m   [34m├─[39m [2m/category/pixnet/49/index.html[22m [2m(+18ms)[22m 
[2m10:32:06[22m   [34m├─[39m [2m/category/pixnet/50/index.html[22m [2m(+14ms)[22m 
[2m10:32:06[22m   [34m├─[39m [2m/category/pixnet/51/index.html[22m [2m(+15ms)[22m 
[2m10:32:06[22m   [34m├─[39m [2m/category/pixnet/52/index.html[22m [2m(+16ms)[22m 
[2m10:32:07[22m   [34m├─[39m [2m/category/pixnet/53/index.html[22m [2m(+22ms)[22m 
[2m10:32:07[22m   [34m├─[39m [2m/category/pixnet/54/index.html[22m [2m(+19ms)[22m 
[2m10:32:07[22m   [34m├─[39m [2m/category/pixnet/55/index.html[22m [2m(+15ms)[22m 
[2m10:32:07[22m   [34m├─[39m [2m/category/pixnet/56/index.html[22m [2m(+15ms)[22m 
[2m10:32:07[22m   [34m├─[39m [2m/category/pixnet/57/index.html[22m [2m(+16ms)[22m 
[2m10:32:07[22m   [34m├─[39m [2m/category/pixnet/58/index.html[22m [2m(+15ms)[22m 
[2m10:32:07[22m   [34m├─[39m [2m/category/pixnet/59/index.html[22m [2m(+15ms)[22m 
[2m10:32:07[22m   [34m├─[39m [2m/category/pixnet/60/index.html[22m [2m(+17ms)[22m 
[2m10:32:07[22m   [34m├─[39m [2m/category/pixnet/61/index.html[22m [2m(+20ms)[22m 
[2m10:32:07[22m   [34m├─[39m [2m/category/pixnet/62/index.html[22m [2m(+14ms)[22m 
[2m10:32:07[22m   [34m├─[39m [2m/category/pixnet/63/index.html[22m [2m(+15ms)[22m 
[2m10:32:07[22m   [34m├─[39m [2m/category/pixnet/64/index.html[22m [2m(+15ms)[22m 
[2m10:32:07[22m   [34m├─[39m [2m/category/pixnet/65/index.html[22m [2m(+15ms)[22m 
[2m10:32:07[22m   [34m├─[39m [2m/category/桃園/index.html[22m [2m(+16ms)[22m 
[2m10:32:07[22m   [34m├─[39m [2m/category/桃園/2/index.html[22m [2m(+15ms)[22m 
[2m10:32:07[22m   [34m├─[39m [2m/category/桃園/3/index.html[22m [2m(+16ms)[22m 
[2m10:32:07[22m   [34m├─[39m [2m/category/開箱/index.html[22m [2m(+17ms)[22m 
[2m10:32:07[22m   [34m├─[39m [2m/category/開箱/2/index.html[22m [2m(+18ms)[22m 
[2m10:32:07[22m   [34m├─[39m [2m/category/開箱/3/index.html[22m [2m(+16ms)[22m 
[2m10:32:07[22m   [34m├─[39m [2m/category/開箱/4/index.html[22m [2m(+15ms)[22m 
[2m10:32:07[22m   [34m├─[39m [2m/category/開箱/5/index.html[22m [2m(+14ms)[22m 
[2m10:32:07[22m   [34m├─[39m [2m/category/新北/index.html[22m [2m(+15ms)[22m 
[2m10:32:07[22m   [34m├─[39m [2m/category/新北/2/index.html[22m [2m(+18ms)[22m 
[2m10:32:07[22m   [34m├─[39m [2m/category/新北/3/index.html[22m [2m(+15ms)[22m 
[2m10:32:07[22m   [34m├─[39m [2m/category/新北/4/index.html[22m [2m(+18ms)[22m 
[2m10:32:07[22m   [34m├─[39m [2m/category/國外旅遊/index.html[22m [2m(+18ms)[22m 
[2m10:32:07[22m   [34m├─[39m [2m/category/hongkong/index.html[22m [2m(+15ms)[22m 
[2m10:32:07[22m   [34m├─[39m [2m/category/親子/index.html[22m [2m(+15ms)[22m 
[2m10:32:07[22m   [34m├─[39m [2m/category/親子/2/index.html[22m [2m(+17ms)[22m 
[2m10:32:07[22m   [34m├─[39m [2m/category/親子/3/index.html[22m [2m(+14ms)[22m 
[2m10:32:07[22m   [34m├─[39m [2m/category/親子/4/index.html[22m [2m(+14ms)[22m 
[2m10:32:07[22m   [34m├─[39m [2m/category/台北/index.html[22m [2m(+14ms)[22m 
[2m10:32:07[22m   [34m├─[39m [2m/category/台北/2/index.html[22m [2m(+14ms)[22m 
[2m10:32:07[22m   [34m├─[39m [2m/category/台北/3/index.html[22m [2m(+15ms)[22m 
[2m10:32:07[22m   [34m├─[39m [2m/category/台北/4/index.html[22m [2m(+16ms)[22m 
[2m10:32:07[22m   [34m├─[39m [2m/category/台北/5/index.html[22m [2m(+20ms)[22m 
[2m10:32:07[22m   [34m├─[39m [2m/category/台北/6/index.html[22m [2m(+17ms)[22m 
[2m10:32:07[22m   [34m├─[39m [2m/category/台北/7/index.html[22m [2m(+17ms)[22m 
[2m10:32:07[22m   [34m├─[39m [2m/category/台北/8/index.html[22m [2m(+14ms)[22m 
[2m10:32:07[22m   [34m├─[39m [2m/category/育兒好物/index.html[22m [2m(+13ms)[22m 
[2m10:32:07[22m   [34m├─[39m [2m/category/育兒好物/2/index.html[22m [2m(+13ms)[22m 
[2m10:32:07[22m   [34m├─[39m [2m/category/新北市景點/index.html[22m [2m(+12ms)[22m 
[2m10:32:07[22m   [34m├─[39m [2m/category/新北市景點/2/index.html[22m [2m(+12ms)[22m 
[2m10:32:07[22m   [34m├─[39m [2m/category/宜蘭住宿/index.html[22m [2m(+16ms)[22m 
[2m10:32:07[22m   [34m├─[39m [2m/category/宜蘭住宿/2/index.html[22m [2m(+14ms)[22m 
[2m10:32:07[22m   [34m├─[39m [2m/category/住宿/index.html[22m [2m(+20ms)[22m 
[2m10:32:07[22m   [34m├─[39m [2m/category/住宿/2/index.html[22m [2m(+17ms)[22m 
[2m10:32:07[22m   [34m├─[39m [2m/category/住宿/3/index.html[22m [2m(+14ms)[22m 
[2m10:32:07[22m   [34m├─[39m [2m/category/住宿/4/index.html[22m [2m(+14ms)[22m 
[2m10:32:07[22m   [34m├─[39m [2m/category/住宿/5/index.html[22m [2m(+14ms)[22m 
[2m10:32:07[22m   [34m├─[39m [2m/category/宜蘭/index.html[22m [2m(+13ms)[22m 
[2m10:32:07[22m   [34m├─[39m [2m/category/宜蘭/2/index.html[22m [2m(+13ms)[22m 
[2m10:32:07[22m   [34m├─[39m [2m/category/宜蘭/3/index.html[22m [2m(+15ms)[22m 
[2m10:32:07[22m   [34m├─[39m [2m/category/宜蘭/4/index.html[22m [2m(+16ms)[22m 
[2m10:32:07[22m   [34m├─[39m [2m/category/宜蘭/5/index.html[22m [2m(+13ms)[22m 
[2m10:32:07[22m   [34m├─[39m [2m/category/宜蘭/6/index.html[22m [2m(+15ms)[22m 
[2m10:32:07[22m   [34m├─[39m [2m/category/2025沖繩親子自由行/index.html[22m [2m(+19ms)[22m 
[2m10:32:07[22m   [34m├─[39m [2m/category/台北景點/index.html[22m [2m(+15ms)[22m 
[2m10:32:07[22m   [34m├─[39m [2m/category/台北景點/2/index.html[22m [2m(+15ms)[22m 
[2m10:32:07[22m   [34m├─[39m [2m/category/日本/index.html[22m [2m(+14ms)[22m 
[2m10:32:07[22m   [34m├─[39m [2m/category/宜蘭景點/index.html[22m [2m(+21ms)[22m 
[2m10:32:07[22m   [34m├─[39m [2m/category/宜蘭景點/2/index.html[22m [2m(+20ms)[22m 
[2m10:32:07[22m   [34m├─[39m [2m/category/宜蘭景點/3/index.html[22m [2m(+15ms)[22m 
[2m10:32:08[22m   [34m├─[39m [2m/category/宜蘭景點/4/index.html[22m [2m(+16ms)[22m 
[2m10:32:08[22m   [34m├─[39m [2m/category/宅配伴手禮/index.html[22m [2m(+15ms)[22m 
[2m10:32:08[22m   [34m├─[39m [2m/category/宅配伴手禮/2/index.html[22m [2m(+15ms)[22m 
[2m10:32:08[22m   [34m├─[39m [2m/category/宅配伴手禮/3/index.html[22m [2m(+14ms)[22m 
[2m10:32:08[22m   [34m├─[39m [2m/category/數位生活/index.html[22m [2m(+14ms)[22m 
[2m10:32:08[22m   [34m├─[39m [2m/category/基隆景點/index.html[22m [2m(+17ms)[22m 
[2m10:32:08[22m   [34m├─[39m [2m/category/基隆/index.html[22m [2m(+13ms)[22m 
[2m10:32:08[22m   [34m├─[39m [2m/category/桃園景點/index.html[22m [2m(+14ms)[22m 
[2m10:32:08[22m   [34m├─[39m [2m/category/桃園景點/2/index.html[22m [2m(+15ms)[22m 
[2m10:32:08[22m   [34m├─[39m [2m/category/unread/index.html[22m [2m(+14ms)[22m 
[2m10:32:08[22m   [34m├─[39m [2m/category/unread/2/index.html[22m [2m(+17ms)[22m 
[2m10:32:08[22m   [34m├─[39m [2m/category/unread/3/index.html[22m [2m(+17ms)[22m 
[2m10:32:08[22m   [34m├─[39m [2m/category/unread/4/index.html[22m [2m(+25ms)[22m 
[2m10:32:08[22m   [34m├─[39m [2m/category/unread/5/index.html[22m [2m(+19ms)[22m 
[2m10:32:08[22m   [34m├─[39m [2m/category/unread/6/index.html[22m [2m(+16ms)[22m 
[2m10:32:08[22m   [34m├─[39m [2m/category/unread/7/index.html[22m [2m(+16ms)[22m 
[2m10:32:08[22m   [34m├─[39m [2m/category/unread/8/index.html[22m [2m(+20ms)[22m 
[2m10:32:08[22m   [34m├─[39m [2m/category/unread/9/index.html[22m [2m(+19ms)[22m 
[2m10:32:08[22m   [34m├─[39m [2m/category/unread/10/index.html[22m [2m(+16ms)[22m 
[2m10:32:08[22m   [34m├─[39m [2m/category/unread/11/index.html[22m [2m(+16ms)[22m 
[2m10:32:08[22m   [34m├─[39m [2m/category/unread/12/index.html[22m [2m(+16ms)[22m 
[2m10:32:08[22m   [34m├─[39m [2m/category/unread/13/index.html[22m [2m(+22ms)[22m 
[2m10:32:08[22m   [34m├─[39m [2m/category/unread/14/index.html[22m [2m(+14ms)[22m 
[2m10:32:08[22m   [34m├─[39m [2m/category/unread/15/index.html[22m [2m(+12ms)[22m 
[2m10:32:08[22m   [34m├─[39m [2m/category/unread/16/index.html[22m [2m(+13ms)[22m 
[2m10:32:08[22m   [34m├─[39m [2m/category/unread/17/index.html[22m [2m(+14ms)[22m 
[2m10:32:08[22m   [34m├─[39m [2m/category/unread/18/index.html[22m [2m(+18ms)[22m 
[2m10:32:08[22m   [34m├─[39m [2m/category/unread/19/index.html[22m [2m(+15ms)[22m 
[2m10:32:08[22m   [34m├─[39m [2m/category/unread/20/index.html[22m [2m(+15ms)[22m 
[2m10:32:08[22m   [34m├─[39m [2m/category/unread/21/index.html[22m [2m(+16ms)[22m 
[2m10:32:08[22m   [34m├─[39m [2m/category/unread/22/index.html[22m [2m(+16ms)[22m 
[2m10:32:08[22m   [34m├─[39m [2m/category/unread/23/index.html[22m [2m(+19ms)[22m 
[2m10:32:08[22m   [34m├─[39m [2m/category/unread/24/index.html[22m [2m(+14ms)[22m 
[2m10:32:08[22m   [34m├─[39m [2m/category/unread/25/index.html[22m [2m(+14ms)[22m 
[2m10:32:08[22m   [34m├─[39m [2m/category/unread/26/index.html[22m [2m(+16ms)[22m 
[2m10:32:08[22m   [34m├─[39m [2m/category/unread/27/index.html[22m [2m(+15ms)[22m 
[2m10:32:08[22m   [34m├─[39m [2m/category/unread/28/index.html[22m [2m(+14ms)[22m 
[2m10:32:08[22m   [34m├─[39m [2m/category/unread/29/index.html[22m [2m(+14ms)[22m 
[2m10:32:08[22m   [34m├─[39m [2m/category/unread/30/index.html[22m [2m(+13ms)[22m 
[2m10:32:08[22m   [34m├─[39m [2m/category/unread/31/index.html[22m [2m(+14ms)[22m 
[2m10:32:08[22m   [34m├─[39m [2m/category/unread/32/index.html[22m [2m(+16ms)[22m 
[2m10:32:08[22m   [34m├─[39m [2m/category/unread/33/index.html[22m [2m(+17ms)[22m 
[2m10:32:08[22m   [34m├─[39m [2m/category/unread/34/index.html[22m [2m(+17ms)[22m 
[2m10:32:08[22m   [34m├─[39m [2m/category/unread/35/index.html[22m [2m(+20ms)[22m 
[2m10:32:08[22m   [34m├─[39m [2m/category/unread/36/index.html[22m [2m(+18ms)[22m 
[2m10:32:08[22m   [34m├─[39m [2m/category/unread/37/index.html[22m [2m(+13ms)[22m 
[2m10:32:08[22m   [34m├─[39m [2m/category/unread/38/index.html[22m [2m(+14ms)[22m 
[2m10:32:08[22m   [34m├─[39m [2m/category/unread/39/index.html[22m [2m(+18ms)[22m 
[2m10:32:08[22m   [34m├─[39m [2m/category/unread/40/index.html[22m [2m(+17ms)[22m 
[2m10:32:08[22m   [34m├─[39m [2m/category/unread/41/index.html[22m [2m(+17ms)[22m 
[2m10:32:08[22m   [34m├─[39m [2m/category/unread/42/index.html[22m [2m(+17ms)[22m 
[2m10:32:08[22m   [34m├─[39m [2m/category/unread/43/index.html[22m [2m(+17ms)[22m 
[2m10:32:08[22m   [34m├─[39m [2m/category/unread/44/index.html[22m [2m(+17ms)[22m 
[2m10:32:08[22m   [34m├─[39m [2m/category/unread/45/index.html[22m [2m(+14ms)[22m 
[2m10:32:08[22m   [34m├─[39m [2m/category/unread/46/index.html[22m [2m(+13ms)[22m 
[2m10:32:08[22m   [34m├─[39m [2m/category/unread/47/index.html[22m [2m(+15ms)[22m 
[2m10:32:08[22m   [34m├─[39m [2m/category/unread/48/index.html[22m [2m(+15ms)[22m 
[2m10:32:08[22m   [34m├─[39m [2m/category/unread/49/index.html[22m [2m(+15ms)[22m 
[2m10:32:08[22m   [34m├─[39m [2m/category/unread/50/index.html[22m [2m(+16ms)[22m 
[2m10:32:08[22m   [34m├─[39m [2m/category/unread/51/index.html[22m [2m(+14ms)[22m 
[2m10:32:08[22m   [34m├─[39m [2m/category/unread/52/index.html[22m [2m(+13ms)[22m 
[2m10:32:08[22m   [34m├─[39m [2m/category/unread/53/index.html[22m [2m(+17ms)[22m 
[2m10:32:09[22m   [34m├─[39m [2m/category/unread/54/index.html[22m [2m(+22ms)[22m 
[2m10:32:09[22m   [34m├─[39m [2m/category/unread/55/index.html[22m [2m(+16ms)[22m 
[2m10:32:09[22m   [34m├─[39m [2m/category/unread/56/index.html[22m [2m(+18ms)[22m 
[2m10:32:09[22m   [34m├─[39m [2m/category/unread/57/index.html[22m [2m(+13ms)[22m 
[2m10:32:09[22m   [34m├─[39m [2m/category/unread/58/index.html[22m [2m(+13ms)[22m 
[2m10:32:09[22m   [34m├─[39m [2m/category/unread/59/index.html[22m [2m(+14ms)[22m 
[2m10:32:09[22m   [34m├─[39m [2m/category/基隆美食/index.html[22m [2m(+14ms)[22m 
[2m10:32:09[22m   [34m├─[39m [2m/category/基隆住宿/index.html[22m [2m(+13ms)[22m 
[2m10:32:09[22m   [34m├─[39m [2m/category/甜點分享/index.html[22m [2m(+16ms)[22m 
[2m10:32:09[22m   [34m├─[39m [2m/category/APP開發/index.html[22m [2m(+16ms)[22m 
[2m10:32:09[22m   [34m├─[39m [2m/category/屏東/index.html[22m [2m(+14ms)[22m 
[2m10:32:09[22m   [34m├─[39m [2m/category/孕媽咪日記/index.html[22m [2m(+13ms)[22m 
[2m10:32:09[22m   [34m├─[39m [2m/category/烏來住宿/index.html[22m [2m(+12ms)[22m 
[2m10:32:09[22m   [34m├─[39m [2m/category/【湯蒸火鍋】在地人推薦的高CP值火鍋店/index.html[22m [2m(+12ms)[22m 
[2m10:32:09[22m   [34m├─[39m [2m/category/湯蒸火鍋/index.html[22m [2m(+15ms)[22m 
[2m10:32:09[22m   [34m├─[39m [2m/category/噠啵曲奇餅乾/index.html[22m [2m(+17ms)[22m 
[2m10:32:09[22m   [34m├─[39m [2m/category/宜蘭美食/index.html[22m [2m(+16ms)[22m 
[2m10:32:09[22m   [34m├─[39m [2m/category/宜蘭美食/2/index.html[22m [2m(+16ms)[22m 
[2m10:32:09[22m   [34m├─[39m [2m/category/宜蘭美食/3/index.html[22m [2m(+13ms)[22m 
[2m10:32:09[22m   [34m├─[39m [2m/category/台中住宿/index.html[22m [2m(+14ms)[22m 
[2m10:32:09[22m   [34m├─[39m [2m/category/居家生活/index.html[22m [2m(+15ms)[22m 
[2m10:32:09[22m   [34m├─[39m [2m/category/桃園住宿/index.html[22m [2m(+14ms)[22m 
[2m10:32:09[22m   [34m├─[39m [2m/category/久留米日式咖哩/index.html[22m [2m(+20ms)[22m 
[2m10:32:09[22m   [34m├─[39m [2m/category/萃年華滷味/index.html[22m [2m(+24ms)[22m 
[2m10:32:09[22m   [34m├─[39m [2m/category/苗栗景點/index.html[22m [2m(+22ms)[22m 
[2m10:32:09[22m   [34m├─[39m [2m/category/苗栗/index.html[22m [2m(+16ms)[22m 
[2m10:32:09[22m   [34m├─[39m [2m/category/鍋具/index.html[22m [2m(+17ms)[22m 
[2m10:32:09[22m   [34m├─[39m [2m/category/實用的工具/index.html[22m [2m(+17ms)[22m 
[2m10:32:09[22m   [34m├─[39m [2m/category/投資經濟學/index.html[22m [2m(+17ms)[22m 
[2m10:32:09[22m   [34m├─[39m [2m/category/美容美髮/index.html[22m [2m(+20ms)[22m 
[2m10:32:09[22m   [34m├─[39m [2m/category/美容美髮/2/index.html[22m [2m(+16ms)[22m 
[2m10:32:09[22m   [34m├─[39m [2m/category/花蓮景點/index.html[22m [2m(+15ms)[22m 
[2m10:32:09[22m   [34m├─[39m [2m/category/花蓮住宿/index.html[22m [2m(+16ms)[22m 
[2m10:32:09[22m   [34m├─[39m [2m/category/花蓮/index.html[22m [2m(+14ms)[22m 
[2m10:32:09[22m   [34m├─[39m [2m/category/婚禮活動/index.html[22m [2m(+15ms)[22m 
[2m10:32:09[22m   [34m├─[39m [2m/category/婚禮/index.html[22m [2m(+16ms)[22m 
[2m10:32:09[22m   [34m├─[39m [2m/category/請點這/index.html[22m [2m(+14ms)[22m 
[2m10:32:09[22m   [34m├─[39m [2m/category/韓式照相館/index.html[22m [2m(+20ms)[22m 
[2m10:32:09[22m   [34m├─[39m [2m/category/婚紗攝影/index.html[22m [2m(+14ms)[22m 
[2m10:32:09[22m   [34m├─[39m [2m/category/禾 多 靜巷 - Herdor Near/index.html[22m [2m(+13ms)[22m 
[2m10:32:09[22m   [34m├─[39m [2m/category/月子中心推薦/index.html[22m [2m(+12ms)[22m 
[2m10:32:09[22m   [34m├─[39m [2m/category/英文線上課程/index.html[22m [2m(+16ms)[22m 
[2m10:32:09[22m   [34m├─[39m [2m/category/板橋住宿/index.html[22m [2m(+15ms)[22m 
[2m10:32:09[22m   [34m├─[39m [2m/category/莊涮鍋物料理/index.html[22m [2m(+22ms)[22m 
[2m10:32:09[22m   [34m├─[39m [2m/category/建案賞屋心得/index.html[22m [2m(+15ms)[22m 
[2m10:32:09[22m   [34m├─[39m [2m/category/南投美食/index.html[22m [2m(+14ms)[22m 
[2m10:32:09[22m   [34m├─[39m [2m/category/網路購物網/index.html[22m [2m(+13ms)[22m 
[2m10:32:09[22m   [34m├─[39m [2m/category/南投住宿/index.html[22m [2m(+17ms)[22m 
[2m10:32:09[22m   [34m├─[39m [2m/category/境星空Jing star-sky/index.html[22m [2m(+16ms)[22m 
[2m10:32:09[22m   [34m├─[39m [2m/category/T.ME Café/index.html[22m [2m(+16ms)[22m 
[2m10:32:09[22m   [34m├─[39m [2m/category/包款推薦/index.html[22m [2m(+15ms)[22m 
[2m10:32:09[22m   [34m├─[39m [2m/category/新竹美食/index.html[22m [2m(+13ms)[22m 
[2m10:32:09[22m   [34m├─[39m [2m/category/台南住宿/index.html[22m [2m(+13ms)[22m 
[2m10:32:09[22m   [34m├─[39m [2m/category/台南/index.html[22m [2m(+16ms)[22m 
[2m10:32:09[22m   [34m├─[39m [2m/category/台南/2/index.html[22m [2m(+15ms)[22m 
[2m10:32:09[22m   [34m├─[39m [2m/category/台南美食/index.html[22m [2m(+14ms)[22m 
[2m10:32:09[22m   [34m├─[39m [2m/category/台南景點/index.html[22m [2m(+14ms)[22m 
[2m10:32:09[22m   [34m├─[39m [2m/category/台南景點/2/index.html[22m [2m(+13ms)[22m 
[2m10:32:09[22m   [34m├─[39m [2m/category/台中景點/index.html[22m [2m(+14ms)[22m 
[2m10:32:09[22m   [34m├─[39m [2m/category/台中美食/index.html[22m [2m(+15ms)[22m 
[2m10:32:09[22m   [34m├─[39m [2m/category/雲林美食/index.html[22m [2m(+13ms)[22m 
[2m10:32:09[22m   [34m├─[39m [2m/category/雲林/index.html[22m [2m(+13ms)[22m 
[2m10:32:09[22m   [34m├─[39m [2m/category/2019年5月-中國湖北/index.html[22m [2m(+14ms)[22m 
[2m10:32:09[22m   [34m├─[39m [2m/category/征服小百岳全紀錄/index.html[22m [2m(+13ms)[22m 
[2m10:32:09[22m   [34m├─[39m [2m/category/2019武漢零食/index.html[22m [2m(+13ms)[22m 
[2m10:32:10[22m   [34m├─[39m [2m/category/苗栗美食/index.html[22m [2m(+13ms)[22m 
[2m10:32:10[22m   [34m├─[39m [2m/category/FB粉絲團/index.html[22m [2m(+17ms)[22m 
[2m10:32:10[22m   [34m├─[39m [2m/category/新竹景點/index.html[22m [2m(+15ms)[22m 
[2m10:32:10[22m   [34m├─[39m [2m/category/新竹/index.html[22m [2m(+17ms)[22m 
[2m10:32:10[22m   [34m├─[39m [2m/category/彰化景點/index.html[22m [2m(+17ms)[22m 
[2m10:32:10[22m   [34m├─[39m [2m/category/彰化/index.html[22m [2m(+15ms)[22m 
[2m10:32:10[22m   [34m├─[39m [2m/category/彰化住宿/index.html[22m [2m(+16ms)[22m 
[2m10:32:10[22m   [34m├─[39m [2m/category/彰化美食/index.html[22m [2m(+14ms)[22m 
[2m10:32:10[22m   [34m├─[39m [2m/category/花蓮美食/index.html[22m [2m(+14ms)[22m 
[2m10:32:10[22m   [34m├─[39m [2m/category/懶人減肥法/index.html[22m [2m(+14ms)[22m 
[2m10:32:10[22m   [34m├─[39m [2m/category/電影評論/index.html[22m [2m(+21ms)[22m 
[2m10:32:10[22m   [34m├─[39m [2m/category/台東住宿/index.html[22m [2m(+25ms)[22m 
[2m10:32:10[22m   [34m├─[39m [2m/category/台東/index.html[22m [2m(+19ms)[22m 
[2m10:32:10[22m   [34m├─[39m [2m/category/台東美食/index.html[22m [2m(+21ms)[22m 
[2m10:32:10[22m   [34m├─[39m [2m/category/食譜分享/index.html[22m [2m(+17ms)[22m 
[2m10:32:10[22m   [34m├─[39m [2m/category/展覽/index.html[22m [2m(+18ms)[22m 
[2m10:32:10[22m   [34m├─[39m [2m/category/Code/index.html[22m [2m(+16ms)[22m 
[2m10:32:10[22m   [34m├─[39m [2m/category/DIY/index.html[22m [2m(+14ms)[22m 
[2m10:32:10[22m   [34m├─[39m [2m/category/2016香港美食/index.html[22m [2m(+14ms)[22m 
[2m10:32:10[22m   [34m├─[39m [2m/category/教學/index.html[22m [2m(+13ms)[22m 
[2m10:32:10[22m   [34m└─[39m [2m/category/南投/index.html[22m [2m(+15ms)[22m 
[2m10:32:10[22m [32m▶[39m src/pages/posts/[...slug].astro
[2m10:32:10[22m   [34m├─[39m [2m/posts/20260118-j6mute/index.html[22m [2m(+19ms)[22m 
[2m10:32:10[22m   [34m├─[39m [2m/posts/20260105-1jyip4/index.html[22m [2m(+19ms)[22m 
[2m10:32:10[22m   [34m├─[39m [2m/posts/20260105-3yqjih/index.html[22m [2m(+19ms)[22m 
[2m10:32:10[22m   [34m├─[39m [2m/posts/20260105-5e511g/index.html[22m [2m(+21ms)[22m 
[2m10:32:10[22m   [34m├─[39m [2m/posts/20260105-aulcwq/index.html[22m [2m(+17ms)[22m 
[2m10:32:10[22m   [34m├─[39m [2m/posts/20260105-la423t/index.html[22m [2m(+18ms)[22m 
[2m10:32:10[22m   [34m├─[39m [2m/posts/20260105-qu0g3q/index.html[22m [2m(+17ms)[22m 
[2m10:32:10[22m   [34m├─[39m [2m/posts/20260105-u60iyw/index.html[22m [2m(+16ms)[22m 
[2m10:32:10[22m   [34m├─[39m [2m/posts/20260105-yz4ap3/index.html[22m [2m(+18ms)[22m 
[2m10:32:10[22m   [34m├─[39m [2m/posts/20260105-wan7t8/index.html[22m [2m(+20ms)[22m 
[2m10:32:10[22m   [34m├─[39m [2m/posts/20260105-kbsubq/index.html[22m [2m(+16ms)[22m 
[2m10:32:10[22m   [34m├─[39m [2m/posts/12227432593/index.html[22m [2m(+15ms)[22m 
[2m10:32:10[22m   [34m├─[39m [2m/posts/12227428963/index.html[22m [2m(+14ms)[22m 
[2m10:32:10[22m   [34m├─[39m [2m/posts/12227422954/index.html[22m [2m(+13ms)[22m 
[2m10:32:10[22m   [34m├─[39m [2m/posts/12227417320/index.html[22m [2m(+16ms)[22m 
[2m10:32:10[22m   [34m├─[39m [2m/posts/12227411674/index.html[22m [2m(+16ms)[22m 
[2m10:32:10[22m   [34m├─[39m [2m/posts/12227399056/index.html[22m [2m(+14ms)[22m 
[2m10:32:10[22m   [34m├─[39m [2m/posts/12227389810/index.html[22m [2m(+16ms)[22m 
[2m10:32:10[22m   [34m├─[39m [2m/posts/12227360881/index.html[22m [2m(+15ms)[22m 
[2m10:32:10[22m   [34m├─[39m [2m/posts/12227356096/index.html[22m [2m(+17ms)[22m 
[2m10:32:10[22m   [34m├─[39m [2m/posts/12227351986/index.html[22m [2m(+18ms)[22m 
[2m10:32:10[22m   [34m├─[39m [2m/posts/12227348020/index.html[22m [2m(+15ms)[22m 
[2m10:32:10[22m   [34m├─[39m [2m/posts/12227343757/index.html[22m [2m(+16ms)[22m 
[2m10:32:10[22m   [34m├─[39m [2m/posts/12227327689/index.html[22m [2m(+18ms)[22m 
[2m10:32:10[22m   [34m├─[39m [2m/posts/12227323030/index.html[22m [2m(+17ms)[22m 
[2m10:32:10[22m   [34m├─[39m [2m/posts/12227309863/index.html[22m [2m(+16ms)[22m 
[2m10:32:10[22m   [34m├─[39m [2m/posts/12227305798/index.html[22m [2m(+15ms)[22m 
[2m10:32:10[22m   [34m├─[39m [2m/posts/12227302747/index.html[22m [2m(+15ms)[22m 
[2m10:32:10[22m   [34m├─[39m [2m/posts/12225924365/index.html[22m [2m(+23ms)[22m 
[2m10:32:10[22m   [34m├─[39m [2m/posts/12227296090/index.html[22m [2m(+15ms)[22m 
[2m10:32:10[22m   [34m├─[39m [2m/posts/12227290762/index.html[22m [2m(+15ms)[22m 
[2m10:32:10[22m   [34m├─[39m [2m/posts/12227284465/index.html[22m [2m(+13ms)[22m 
[2m10:32:10[22m   [34m├─[39m [2m/posts/12227277622/index.html[22m [2m(+14ms)[22m 
[2m10:32:10[22m   [34m├─[39m [2m/posts/12227271631/index.html[22m [2m(+13ms)[22m 
[2m10:32:10[22m   [34m├─[39m [2m/posts/12227267065/index.html[22m [2m(+13ms)[22m 
[2m10:32:10[22m   [34m├─[39m [2m/posts/12226426366/index.html[22m [2m(+14ms)[22m 
[2m10:32:10[22m   [34m├─[39m [2m/posts/12227257294/index.html[22m [2m(+15ms)[22m 
[2m10:32:11[22m   [34m├─[39m [2m/posts/12227247025/index.html[22m [2m(+15ms)[22m 
[2m10:32:11[22m   [34m├─[39m [2m/posts/12227226481/index.html[22m [2m(+17ms)[22m 
[2m10:32:11[22m   [34m├─[39m [2m/posts/12227221990/index.html[22m [2m(+15ms)[22m 
[2m10:32:11[22m   [34m├─[39m [2m/posts/12227182288/index.html[22m [2m(+14ms)[22m 
[2m10:32:11[22m   [34m├─[39m [2m/posts/12227175160/index.html[22m [2m(+16ms)[22m 
[2m10:32:11[22m   [34m├─[39m [2m/posts/12227166280/index.html[22m [2m(+14ms)[22m 
[2m10:32:11[22m   [34m├─[39m [2m/posts/12227153941/index.html[22m [2m(+13ms)[22m 
[2m10:32:11[22m   [34m├─[39m [2m/posts/12225105183/index.html[22m [2m(+14ms)[22m 
[2m10:32:11[22m   [34m├─[39m [2m/posts/225105183/index.html[22m [2m(+16ms)[22m 
[2m10:32:11[22m   [34m├─[39m [2m/posts/12227144089/index.html[22m [2m(+16ms)[22m 
[2m10:32:11[22m   [34m├─[39m [2m/posts/227144089/index.html[22m [2m(+35ms)[22m 
[2m10:32:11[22m   [34m├─[39m [2m/posts/12227138161/index.html[22m [2m(+15ms)[22m 
[2m10:32:11[22m   [34m├─[39m [2m/posts/12227107204/index.html[22m [2m(+13ms)[22m 
[2m10:32:11[22m   [34m├─[39m [2m/posts/12227098108/index.html[22m [2m(+14ms)[22m 
[2m10:32:11[22m   [34m├─[39m [2m/posts/12227089696/index.html[22m [2m(+16ms)[22m 
[2m10:32:11[22m   [34m├─[39m [2m/posts/12227041336/index.html[22m [2m(+15ms)[22m 
[2m10:32:11[22m   [34m├─[39m [2m/posts/12227057377/index.html[22m [2m(+14ms)[22m 
[2m10:32:11[22m   [34m├─[39m [2m/posts/12227056513/index.html[22m [2m(+13ms)[22m 
[2m10:32:11[22m   [34m├─[39m [2m/posts/12227045410/index.html[22m [2m(+14ms)[22m 
[2m10:32:11[22m   [34m├─[39m [2m/posts/12227005240/index.html[22m [2m(+15ms)[22m 
[2m10:32:11[22m   [34m├─[39m [2m/posts/12226996390/index.html[22m [2m(+14ms)[22m 
[2m10:32:11[22m   [34m├─[39m [2m/posts/12226961173/index.html[22m [2m(+19ms)[22m 
[2m10:32:11[22m   [34m├─[39m [2m/posts/12226979965/index.html[22m [2m(+14ms)[22m 
[2m10:32:11[22m   [34m├─[39m [2m/posts/12226970329/index.html[22m [2m(+14ms)[22m 
[2m10:32:11[22m   [34m├─[39m [2m/posts/12226939099/index.html[22m [2m(+18ms)[22m 
[2m10:32:11[22m   [34m├─[39m [2m/posts/12226941862/index.html[22m [2m(+20ms)[22m 
[2m10:32:11[22m   [34m├─[39m [2m/posts/226941862/index.html[22m [2m(+20ms)[22m 
[2m10:32:11[22m   [34m├─[39m [2m/posts/12226941805/index.html[22m [2m(+17ms)[22m 
[2m10:32:11[22m   [34m├─[39m [2m/posts/12226930861/index.html[22m [2m(+16ms)[22m 
[2m10:32:11[22m   [34m├─[39m [2m/posts/12226928467/index.html[22m [2m(+17ms)[22m 
[2m10:32:11[22m   [34m├─[39m [2m/posts/12226917211/index.html[22m [2m(+16ms)[22m 
[2m10:32:11[22m   [34m├─[39m [2m/posts/12226867429/index.html[22m [2m(+15ms)[22m 
[2m10:32:11[22m   [34m├─[39m [2m/posts/12226841701/index.html[22m [2m(+14ms)[22m 
[2m10:32:11[22m   [34m├─[39m [2m/posts/12226851625/index.html[22m [2m(+15ms)[22m 
[2m10:32:11[22m   [34m├─[39m [2m/posts/12226712401/index.html[22m [2m(+23ms)[22m 
[2m10:32:11[22m   [34m├─[39m [2m/posts/12226820674/index.html[22m [2m(+15ms)[22m 
[2m10:32:11[22m   [34m├─[39m [2m/posts/12226739350/index.html[22m [2m(+15ms)[22m 
[2m10:32:11[22m   [34m├─[39m [2m/posts/12226793989/index.html[22m [2m(+16ms)[22m 
[2m10:32:11[22m   [34m├─[39m [2m/posts/12226761052/index.html[22m [2m(+14ms)[22m 
[2m10:32:11[22m   [34m├─[39m [2m/posts/12226756384/index.html[22m [2m(+16ms)[22m 
[2m10:32:11[22m   [34m├─[39m [2m/posts/12224398839/index.html[22m [2m(+18ms)[22m 
[2m10:32:11[22m   [34m├─[39m [2m/posts/12226728649/index.html[22m [2m(+16ms)[22m 
[2m10:32:11[22m   [34m├─[39m [2m/posts/12226720042/index.html[22m [2m(+15ms)[22m 
[2m10:32:11[22m   [34m├─[39m [2m/posts/12226056245/index.html[22m [2m(+16ms)[22m 
[2m10:32:11[22m   [34m├─[39m [2m/posts/12226703218/index.html[22m [2m(+16ms)[22m 
[2m10:32:11[22m   [34m├─[39m [2m/posts/12226697344/index.html[22m [2m(+14ms)[22m 
[2m10:32:11[22m   [34m├─[39m [2m/posts/12226694677/index.html[22m [2m(+16ms)[22m 
[2m10:32:11[22m   [34m├─[39m [2m/posts/12226682845/index.html[22m [2m(+15ms)[22m 
[2m10:32:11[22m   [34m├─[39m [2m/posts/12226677535/index.html[22m [2m(+14ms)[22m 
[2m10:32:11[22m   [34m├─[39m [2m/posts/12226663813/index.html[22m [2m(+15ms)[22m 
[2m10:32:11[22m   [34m├─[39m [2m/posts/12226617511/index.html[22m [2m(+13ms)[22m 
[2m10:32:11[22m   [34m├─[39m [2m/posts/12226651207/index.html[22m [2m(+14ms)[22m 
[2m10:32:11[22m   [34m├─[39m [2m/posts/12226613413/index.html[22m [2m(+16ms)[22m 
[2m10:32:11[22m   [34m├─[39m [2m/posts/12226614604/index.html[22m [2m(+17ms)[22m 
[2m10:32:11[22m   [34m├─[39m [2m/posts/12189377245/index.html[22m [2m(+17ms)[22m 
[2m10:32:11[22m   [34m├─[39m [2m/posts/12226448776/index.html[22m [2m(+16ms)[22m 
[2m10:32:11[22m   [34m├─[39m [2m/posts/12226572157/index.html[22m [2m(+15ms)[22m 
[2m10:32:11[22m   [34m├─[39m [2m/posts/12226587805/index.html[22m [2m(+16ms)[22m 
[2m10:32:11[22m   [34m├─[39m [2m/posts/12226564303/index.html[22m [2m(+18ms)[22m 
[2m10:32:11[22m   [34m├─[39m [2m/posts/12226578319/index.html[22m [2m(+14ms)[22m 
[2m10:32:11[22m   [34m├─[39m [2m/posts/12226552972/index.html[22m [2m(+14ms)[22m 
[2m10:32:11[22m   [34m├─[39m [2m/posts/12226533793/index.html[22m [2m(+14ms)[22m 
[2m10:32:11[22m   [34m├─[39m [2m/posts/12226553104/index.html[22m [2m(+14ms)[22m 
[2m10:32:12[22m   [34m├─[39m [2m/posts/12226544017/index.html[22m [2m(+16ms)[22m 
[2m10:32:12[22m   [34m├─[39m [2m/posts/12226546567/index.html[22m [2m(+17ms)[22m 
[2m10:32:12[22m   [34m├─[39m [2m/posts/12226499590/index.html[22m [2m(+16ms)[22m 
[2m10:32:12[22m   [34m├─[39m [2m/posts/12226523101/index.html[22m [2m(+27ms)[22m 
[2m10:32:12[22m   [34m├─[39m [2m/posts/12226469275/index.html[22m [2m(+25ms)[22m 
[2m10:32:12[22m   [34m├─[39m [2m/posts/12226442047/index.html[22m [2m(+19ms)[22m 
[2m10:32:12[22m   [34m├─[39m [2m/posts/12222101406/index.html[22m [2m(+16ms)[22m 
[2m10:32:12[22m   [34m├─[39m [2m/posts/12226449010/index.html[22m [2m(+16ms)[22m 
[2m10:32:12[22m   [34m├─[39m [2m/posts/12226421263/index.html[22m [2m(+15ms)[22m 
[2m10:32:12[22m   [34m├─[39m [2m/posts/12226424749/index.html[22m [2m(+15ms)[22m 
[2m10:32:12[22m   [34m├─[39m [2m/posts/12226416913/index.html[22m [2m(+18ms)[22m 
[2m10:32:12[22m   [34m├─[39m [2m/posts/12226411408/index.html[22m [2m(+14ms)[22m 
[2m10:32:12[22m   [34m├─[39m [2m/posts/12226402240/index.html[22m [2m(+13ms)[22m 
[2m10:32:12[22m   [34m├─[39m [2m/posts/12226402261/index.html[22m [2m(+15ms)[22m 
[2m10:32:12[22m   [34m├─[39m [2m/posts/12226380106/index.html[22m [2m(+17ms)[22m 
[2m10:32:12[22m   [34m├─[39m [2m/posts/12226302211/index.html[22m [2m(+17ms)[22m 
[2m10:32:12[22m   [34m├─[39m [2m/posts/12226354762/index.html[22m [2m(+16ms)[22m 
[2m10:32:12[22m   [34m├─[39m [2m/posts/12225781448/index.html[22m [2m(+15ms)[22m 
[2m10:32:12[22m   [34m├─[39m [2m/posts/12221435973/index.html[22m [2m(+15ms)[22m 
[2m10:32:12[22m   [34m├─[39m [2m/posts/12226339843/index.html[22m [2m(+15ms)[22m 
[2m10:32:12[22m   [34m├─[39m [2m/posts/12226324915/index.html[22m [2m(+13ms)[22m 
[2m10:32:12[22m   [34m├─[39m [2m/posts/12226313518/index.html[22m [2m(+13ms)[22m 
[2m10:32:12[22m   [34m├─[39m [2m/posts/12226293721/index.html[22m [2m(+17ms)[22m 
[2m10:32:12[22m   [34m├─[39m [2m/posts/12226297012/index.html[22m [2m(+16ms)[22m 
[2m10:32:12[22m   [34m├─[39m [2m/posts/12226283662/index.html[22m [2m(+18ms)[22m 
[2m10:32:12[22m   [34m├─[39m [2m/posts/12226275334/index.html[22m [2m(+16ms)[22m 
[2m10:32:12[22m   [34m├─[39m [2m/posts/12226261957/index.html[22m [2m(+18ms)[22m 
[2m10:32:12[22m   [34m├─[39m [2m/posts/12226251100/index.html[22m [2m(+58ms)[22m 
[2m10:32:12[22m   [34m├─[39m [2m/posts/12226202407/index.html[22m [2m(+15ms)[22m 
[2m10:32:12[22m   [34m├─[39m [2m/posts/12226194184/index.html[22m [2m(+13ms)[22m 
[2m10:32:12[22m   [34m├─[39m [2m/posts/12226137790/index.html[22m [2m(+15ms)[22m 
[2m10:32:12[22m   [34m├─[39m [2m/posts/12226133137/index.html[22m [2m(+19ms)[22m 
[2m10:32:12[22m   [34m├─[39m [2m/posts/12226116811/index.html[22m [2m(+17ms)[22m 
[2m10:32:12[22m   [34m├─[39m [2m/posts/12226071686/index.html[22m [2m(+14ms)[22m 
[2m10:32:12[22m   [34m├─[39m [2m/posts/12225998360/index.html[22m [2m(+15ms)[22m 
[2m10:32:12[22m   [34m├─[39m [2m/posts/12225952037/index.html[22m [2m(+13ms)[22m 
[2m10:32:12[22m   [34m├─[39m [2m/posts/12226031018/index.html[22m [2m(+13ms)[22m 
[2m10:32:12[22m   [34m├─[39m [2m/posts/12226021157/index.html[22m [2m(+16ms)[22m 
[2m10:32:12[22m   [34m├─[39m [2m/posts/12226006379/index.html[22m [2m(+15ms)[22m 
[2m10:32:12[22m   [34m├─[39m [2m/posts/12225993887/index.html[22m [2m(+14ms)[22m 
[2m10:32:12[22m   [34m├─[39m [2m/posts/12225932834/index.html[22m [2m(+16ms)[22m 
[2m10:32:12[22m   [34m├─[39m [2m/posts/12225972857/index.html[22m [2m(+18ms)[22m 
[2m10:32:12[22m   [34m├─[39m [2m/posts/12225963608/index.html[22m [2m(+18ms)[22m 
[2m10:32:12[22m   [34m├─[39m [2m/posts/12225944258/index.html[22m [2m(+21ms)[22m 
[2m10:32:12[22m   [34m├─[39m [2m/posts/12225937007/index.html[22m [2m(+19ms)[22m 
[2m10:32:12[22m   [34m├─[39m [2m/posts/12225906299/index.html[22m [2m(+13ms)[22m 
[2m10:32:12[22m   [34m├─[39m [2m/posts/12225888749/index.html[22m [2m(+14ms)[22m 
[2m10:32:12[22m   [34m├─[39m [2m/posts/12225879956/index.html[22m [2m(+14ms)[22m 
[2m10:32:12[22m   [34m├─[39m [2m/posts/12225864614/index.html[22m [2m(+14ms)[22m 
[2m10:32:12[22m   [34m├─[39m [2m/posts/12225865262/index.html[22m [2m(+16ms)[22m 
[2m10:32:12[22m   [34m├─[39m [2m/posts/12225865193/index.html[22m [2m(+15ms)[22m 
[2m10:32:12[22m   [34m├─[39m [2m/posts/12225853484/index.html[22m [2m(+18ms)[22m 
[2m10:32:12[22m   [34m├─[39m [2m/posts/12225845837/index.html[22m [2m(+17ms)[22m 
[2m10:32:12[22m   [34m├─[39m [2m/posts/12225842849/index.html[22m [2m(+14ms)[22m 
[2m10:32:12[22m   [34m├─[39m [2m/posts/12225832109/index.html[22m [2m(+22ms)[22m 
[2m10:32:12[22m   [34m├─[39m [2m/posts/12225809258/index.html[22m [2m(+17ms)[22m 
[2m10:32:12[22m   [34m├─[39m [2m/posts/12225772880/index.html[22m [2m(+15ms)[22m 
[2m10:32:12[22m   [34m├─[39m [2m/posts/12225758468/index.html[22m [2m(+23ms)[22m 
[2m10:32:12[22m   [34m├─[39m [2m/posts/12225730583/index.html[22m [2m(+18ms)[22m 
[2m10:32:13[22m   [34m├─[39m [2m/posts/12225757358/index.html[22m [2m(+22ms)[22m 
[2m10:32:13[22m   [34m├─[39m [2m/posts/12225709190/index.html[22m [2m(+14ms)[22m 
[2m10:32:13[22m   [34m├─[39m [2m/posts/12225720074/index.html[22m [2m(+15ms)[22m 
[2m10:32:13[22m   [34m├─[39m [2m/posts/12225716633/index.html[22m [2m(+15ms)[22m 
[2m10:32:13[22m   [34m├─[39m [2m/posts/12225695045/index.html[22m [2m(+16ms)[22m 
[2m10:32:13[22m   [34m├─[39m [2m/posts/12225613967/index.html[22m [2m(+16ms)[22m 
[2m10:32:13[22m   [34m├─[39m [2m/posts/12225597389/index.html[22m [2m(+15ms)[22m 
[2m10:32:13[22m   [34m├─[39m [2m/posts/12225575741/index.html[22m [2m(+14ms)[22m 
[2m10:32:13[22m   [34m├─[39m [2m/posts/12225561680/index.html[22m [2m(+14ms)[22m 
[2m10:32:13[22m   [34m├─[39m [2m/posts/12225523923/index.html[22m [2m(+14ms)[22m 
[2m10:32:13[22m   [34m├─[39m [2m/posts/12225512941/index.html[22m [2m(+17ms)[22m 
[2m10:32:13[22m   [34m├─[39m [2m/posts/12225384527/index.html[22m [2m(+18ms)[22m 
[2m10:32:13[22m   [34m├─[39m [2m/posts/12225249127/index.html[22m [2m(+17ms)[22m 
[2m10:32:13[22m   [34m├─[39m [2m/posts/12225041265/index.html[22m [2m(+15ms)[22m 
[2m10:32:13[22m   [34m├─[39m [2m/posts/12225423001/index.html[22m [2m(+16ms)[22m 
[2m10:32:13[22m   [34m├─[39m [2m/posts/12225365821/index.html[22m [2m(+19ms)[22m 
[2m10:32:13[22m   [34m├─[39m [2m/posts/12225374405/index.html[22m [2m(+14ms)[22m 
[2m10:32:13[22m   [34m├─[39m [2m/posts/12225351749/index.html[22m [2m(+17ms)[22m 
[2m10:32:13[22m   [34m├─[39m [2m/posts/12225307315/index.html[22m [2m(+15ms)[22m 
[2m10:32:13[22m   [34m├─[39m [2m/posts/12225309859/index.html[22m [2m(+15ms)[22m 
[2m10:32:13[22m   [34m├─[39m [2m/posts/12225292025/index.html[22m [2m(+16ms)[22m 
[2m10:32:13[22m   [34m├─[39m [2m/posts/12225311085/index.html[22m [2m(+17ms)[22m 
[2m10:32:13[22m   [34m├─[39m [2m/posts/12225305859/index.html[22m [2m(+18ms)[22m 
[2m10:32:13[22m   [34m├─[39m [2m/posts/12225304415/index.html[22m [2m(+15ms)[22m 
[2m10:32:13[22m   [34m├─[39m [2m/posts/12225282953/index.html[22m [2m(+14ms)[22m 
[2m10:32:13[22m   [34m├─[39m [2m/posts/12225263177/index.html[22m [2m(+14ms)[22m 
[2m10:32:13[22m   [34m├─[39m [2m/posts/12225262455/index.html[22m [2m(+14ms)[22m 
[2m10:32:13[22m   [34m├─[39m [2m/posts/12225278719/index.html[22m [2m(+13ms)[22m 
[2m10:32:13[22m   [34m├─[39m [2m/posts/12225259311/index.html[22m [2m(+16ms)[22m 
[2m10:32:13[22m   [34m├─[39m [2m/posts/12225261489/index.html[22m [2m(+21ms)[22m 
[2m10:32:13[22m   [34m├─[39m [2m/posts/12225251865/index.html[22m [2m(+16ms)[22m 
[2m10:32:13[22m   [34m├─[39m [2m/posts/12225259261/index.html[22m [2m(+17ms)[22m 
[2m10:32:13[22m   [34m├─[39m [2m/posts/12225257089/index.html[22m [2m(+16ms)[22m 
[2m10:32:13[22m   [34m├─[39m [2m/posts/12225243459/index.html[22m [2m(+14ms)[22m 
[2m10:32:13[22m   [34m├─[39m [2m/posts/12225234341/index.html[22m [2m(+14ms)[22m 
[2m10:32:13[22m   [34m├─[39m [2m/posts/12225231549/index.html[22m [2m(+14ms)[22m 
[2m10:32:13[22m   [34m├─[39m [2m/posts/12225228883/index.html[22m [2m(+14ms)[22m 
[2m10:32:13[22m   [34m├─[39m [2m/posts/12225204205/index.html[22m [2m(+15ms)[22m 
[2m10:32:13[22m   [34m├─[39m [2m/posts/12225224535/index.html[22m [2m(+16ms)[22m 
[2m10:32:13[22m   [34m├─[39m [2m/posts/12225220027/index.html[22m [2m(+16ms)[22m 
[2m10:32:13[22m   [34m├─[39m [2m/posts/12225213219/index.html[22m [2m(+15ms)[22m 
[2m10:32:13[22m   [34m├─[39m [2m/posts/12225207439/index.html[22m [2m(+17ms)[22m 
[2m10:32:13[22m   [34m├─[39m [2m/posts/12217778310/index.html[22m [2m(+15ms)[22m 
[2m10:32:13[22m   [34m├─[39m [2m/posts/12225211913/index.html[22m [2m(+15ms)[22m 
[2m10:32:13[22m   [34m├─[39m [2m/posts/12225209395/index.html[22m [2m(+17ms)[22m 
[2m10:32:13[22m   [34m├─[39m [2m/posts/12225200561/index.html[22m [2m(+17ms)[22m 
[2m10:32:13[22m   [34m├─[39m [2m/posts/12225201735/index.html[22m [2m(+16ms)[22m 
[2m10:32:13[22m   [34m├─[39m [2m/posts/12225175841/index.html[22m [2m(+17ms)[22m 
[2m10:32:13[22m   [34m├─[39m [2m/posts/12225195343/index.html[22m [2m(+16ms)[22m 
[2m10:32:13[22m   [34m├─[39m [2m/posts/12225177237/index.html[22m [2m(+15ms)[22m 
[2m10:32:13[22m   [34m├─[39m [2m/posts/12225189555/index.html[22m [2m(+19ms)[22m 
[2m10:32:13[22m   [34m├─[39m [2m/posts/12225185957/index.html[22m [2m(+16ms)[22m 
[2m10:32:13[22m   [34m├─[39m [2m/posts/12225098633/index.html[22m [2m(+16ms)[22m 
[2m10:32:13[22m   [34m├─[39m [2m/posts/12225145971/index.html[22m [2m(+15ms)[22m 
[2m10:32:13[22m   [34m├─[39m [2m/posts/12225173417/index.html[22m [2m(+13ms)[22m 
[2m10:32:13[22m   [34m├─[39m [2m/posts/12225169027/index.html[22m [2m(+13ms)[22m 
[2m10:32:13[22m   [34m├─[39m [2m/posts/12225160077/index.html[22m [2m(+16ms)[22m 
[2m10:32:13[22m   [34m├─[39m [2m/posts/12225166245/index.html[22m [2m(+13ms)[22m 
[2m10:32:13[22m   [34m├─[39m [2m/posts/12225154195/index.html[22m [2m(+13ms)[22m 
[2m10:32:13[22m   [34m├─[39m [2m/posts/12225135213/index.html[22m [2m(+18ms)[22m 
[2m10:32:13[22m   [34m├─[39m [2m/posts/12225140371/index.html[22m [2m(+17ms)[22m 
[2m10:32:13[22m   [34m├─[39m [2m/posts/12225144783/index.html[22m [2m(+17ms)[22m 
[2m10:32:13[22m   [34m├─[39m [2m/posts/12225137075/index.html[22m [2m(+18ms)[22m 
[2m10:32:14[22m   [34m├─[39m [2m/posts/12225127439/index.html[22m [2m(+16ms)[22m 
[2m10:32:14[22m   [34m├─[39m [2m/posts/12225130285/index.html[22m [2m(+15ms)[22m 
[2m10:32:14[22m   [34m├─[39m [2m/posts/12225122883/index.html[22m [2m(+16ms)[22m 
[2m10:32:14[22m   [34m├─[39m [2m/posts/12225118195/index.html[22m [2m(+14ms)[22m 
[2m10:32:14[22m   [34m├─[39m [2m/posts/12225111539/index.html[22m [2m(+14ms)[22m 
[2m10:32:14[22m   [34m├─[39m [2m/posts/12225100513/index.html[22m [2m(+15ms)[22m 
[2m10:32:14[22m   [34m├─[39m [2m/posts/12225088649/index.html[22m [2m(+16ms)[22m 
[2m10:32:14[22m   [34m├─[39m [2m/posts/12225083367/index.html[22m [2m(+19ms)[22m 
[2m10:32:14[22m   [34m├─[39m [2m/posts/12225070125/index.html[22m [2m(+20ms)[22m 
[2m10:32:14[22m   [34m├─[39m [2m/posts/12225064469/index.html[22m [2m(+19ms)[22m 
[2m10:32:14[22m   [34m├─[39m [2m/posts/12225077269/index.html[22m [2m(+22ms)[22m 
[2m10:32:14[22m   [34m├─[39m [2m/posts/225077269/index.html[22m [2m(+21ms)[22m 
[2m10:32:14[22m   [34m├─[39m [2m/posts/12225058447/index.html[22m [2m(+18ms)[22m 
[2m10:32:14[22m   [34m├─[39m [2m/posts/12225049611/index.html[22m [2m(+17ms)[22m 
[2m10:32:14[22m   [34m├─[39m [2m/posts/225049611/index.html[22m [2m(+17ms)[22m 
[2m10:32:14[22m   [34m├─[39m [2m/posts/12225045759/index.html[22m [2m(+18ms)[22m 
[2m10:32:14[22m   [34m├─[39m [2m/posts/12223484784/index.html[22m [2m(+15ms)[22m 
[2m10:32:14[22m   [34m├─[39m [2m/posts/12225032704/index.html[22m [2m(+19ms)[22m 
[2m10:32:14[22m   [34m├─[39m [2m/posts/12225007103/index.html[22m [2m(+14ms)[22m 
[2m10:32:14[22m   [34m├─[39m [2m/posts/12225020743/index.html[22m [2m(+19ms)[22m 
[2m10:32:14[22m   [34m├─[39m [2m/posts/12224994635/index.html[22m [2m(+15ms)[22m 
[2m10:32:14[22m   [34m├─[39m [2m/posts/12224991869/index.html[22m [2m(+18ms)[22m 
[2m10:32:14[22m   [34m├─[39m [2m/posts/12224990277/index.html[22m [2m(+14ms)[22m 
[2m10:32:14[22m   [34m├─[39m [2m/posts/12224989161/index.html[22m [2m(+16ms)[22m 
[2m10:32:14[22m   [34m├─[39m [2m/posts/12224954621/index.html[22m [2m(+22ms)[22m 
[2m10:32:14[22m   [34m├─[39m [2m/posts/12224983575/index.html[22m [2m(+16ms)[22m 
[2m10:32:14[22m   [34m├─[39m [2m/posts/12224966911/index.html[22m [2m(+16ms)[22m 
[2m10:32:14[22m   [34m├─[39m [2m/posts/12224971047/index.html[22m [2m(+14ms)[22m 
[2m10:32:14[22m   [34m├─[39m [2m/posts/12224962061/index.html[22m [2m(+17ms)[22m 
[2m10:32:14[22m   [34m├─[39m [2m/posts/12224951061/index.html[22m [2m(+19ms)[22m 
[2m10:32:14[22m   [34m├─[39m [2m/posts/12224946877/index.html[22m [2m(+15ms)[22m 
[2m10:32:14[22m   [34m├─[39m [2m/posts/12224944963/index.html[22m [2m(+15ms)[22m 
[2m10:32:14[22m   [34m├─[39m [2m/posts/12224940847/index.html[22m [2m(+16ms)[22m 
[2m10:32:14[22m   [34m├─[39m [2m/posts/12224938807/index.html[22m [2m(+15ms)[22m 
[2m10:32:14[22m   [34m├─[39m [2m/posts/12224935979/index.html[22m [2m(+21ms)[22m 
[2m10:32:14[22m   [34m├─[39m [2m/posts/12224932571/index.html[22m [2m(+21ms)[22m 
[2m10:32:14[22m   [34m├─[39m [2m/posts/12224922589/index.html[22m [2m(+18ms)[22m 
[2m10:32:14[22m   [34m├─[39m [2m/posts/12224914711/index.html[22m [2m(+16ms)[22m 
[2m10:32:14[22m   [34m├─[39m [2m/posts/12224908225/index.html[22m [2m(+16ms)[22m 
[2m10:32:14[22m   [34m├─[39m [2m/posts/12224901227/index.html[22m [2m(+14ms)[22m 
[2m10:32:14[22m   [34m├─[39m [2m/posts/12224877589/index.html[22m [2m(+15ms)[22m 
[2m10:32:14[22m   [34m├─[39m [2m/posts/12224886283/index.html[22m [2m(+17ms)[22m 
[2m10:32:14[22m   [34m├─[39m [2m/posts/12224894767/index.html[22m [2m(+14ms)[22m 
[2m10:32:14[22m   [34m├─[39m [2m/posts/12224864694/index.html[22m [2m(+13ms)[22m 
[2m10:32:14[22m   [34m├─[39m [2m/posts/12224870159/index.html[22m [2m(+15ms)[22m 
[2m10:32:14[22m   [34m├─[39m [2m/posts/12223484025/index.html[22m [2m(+14ms)[22m 
[2m10:32:14[22m   [34m├─[39m [2m/posts/12224868133/index.html[22m [2m(+14ms)[22m 
[2m10:32:14[22m   [34m├─[39m [2m/posts/12224851383/index.html[22m [2m(+17ms)[22m 
[2m10:32:14[22m   [34m├─[39m [2m/posts/12224837835/index.html[22m [2m(+23ms)[22m 
[2m10:32:14[22m   [34m├─[39m [2m/posts/12224834259/index.html[22m [2m(+17ms)[22m 
[2m10:32:14[22m   [34m├─[39m [2m/posts/12224840658/index.html[22m [2m(+19ms)[22m 
[2m10:32:14[22m   [34m├─[39m [2m/posts/12224825070/index.html[22m [2m(+18ms)[22m 
[2m10:32:14[22m   [34m├─[39m [2m/posts/12224824947/index.html[22m [2m(+17ms)[22m 
[2m10:32:14[22m   [34m├─[39m [2m/posts/12224766993/index.html[22m [2m(+15ms)[22m 
[2m10:32:14[22m   [34m├─[39m [2m/posts/12224799882/index.html[22m [2m(+13ms)[22m 
[2m10:32:14[22m   [34m├─[39m [2m/posts/12224775378/index.html[22m [2m(+16ms)[22m 
[2m10:32:14[22m   [34m├─[39m [2m/posts/12224746962/index.html[22m [2m(+15ms)[22m 
[2m10:32:14[22m   [34m├─[39m [2m/posts/12224738298/index.html[22m [2m(+15ms)[22m 
[2m10:32:14[22m   [34m├─[39m [2m/posts/12224732166/index.html[22m [2m(+17ms)[22m 
[2m10:32:14[22m   [34m├─[39m [2m/posts/12224692542/index.html[22m [2m(+20ms)[22m 
[2m10:32:15[22m   [34m├─[39m [2m/posts/12224720034/index.html[22m [2m(+15ms)[22m 
[2m10:32:15[22m   [34m├─[39m [2m/posts/12224713596/index.html[22m [2m(+14ms)[22m 
[2m10:32:15[22m   [34m├─[39m [2m/posts/12224559453/index.html[22m [2m(+14ms)[22m 
[2m10:32:15[22m   [34m├─[39m [2m/posts/12224566929/index.html[22m [2m(+13ms)[22m 
[2m10:32:15[22m   [34m├─[39m [2m/posts/12224662086/index.html[22m [2m(+13ms)[22m 
[2m10:32:15[22m   [34m├─[39m [2m/posts/12224643141/index.html[22m [2m(+17ms)[22m 
[2m10:32:15[22m   [34m├─[39m [2m/posts/12224654406/index.html[22m [2m(+14ms)[22m 
[2m10:32:15[22m   [34m├─[39m [2m/posts/12224630838/index.html[22m [2m(+14ms)[22m 
[2m10:32:15[22m   [34m├─[39m [2m/posts/12224076342/index.html[22m [2m(+22ms)[22m 
[2m10:32:15[22m   [34m├─[39m [2m/posts/12224611506/index.html[22m [2m(+16ms)[22m 
[2m10:32:15[22m   [34m├─[39m [2m/posts/12224588028/index.html[22m [2m(+17ms)[22m 
[2m10:32:15[22m   [34m├─[39m [2m/posts/12224572173/index.html[22m [2m(+15ms)[22m 
[2m10:32:15[22m   [34m├─[39m [2m/posts/12224534361/index.html[22m [2m(+13ms)[22m 
[2m10:32:15[22m   [34m├─[39m [2m/posts/12224480058/index.html[22m [2m(+14ms)[22m 
[2m10:32:15[22m   [34m├─[39m [2m/posts/12224438397/index.html[22m [2m(+16ms)[22m 
[2m10:32:15[22m   [34m├─[39m [2m/posts/12224393250/index.html[22m [2m(+15ms)[22m 
[2m10:32:15[22m   [34m├─[39m [2m/posts/12224378139/index.html[22m [2m(+15ms)[22m 
[2m10:32:15[22m   [34m├─[39m [2m/posts/12224364543/index.html[22m [2m(+34ms)[22m 
[2m10:32:15[22m   [34m├─[39m [2m/posts/12224061483/index.html[22m [2m(+15ms)[22m 
[2m10:32:15[22m   [34m├─[39m [2m/posts/12224047179/index.html[22m [2m(+13ms)[22m 
[2m10:32:15[22m   [34m├─[39m [2m/posts/12223982916/index.html[22m [2m(+13ms)[22m 
[2m10:32:15[22m   [34m├─[39m [2m/posts/12224048061/index.html[22m [2m(+13ms)[22m 
[2m10:32:15[22m   [34m├─[39m [2m/posts/12224048958/index.html[22m [2m(+13ms)[22m 
[2m10:32:15[22m   [34m├─[39m [2m/posts/12223974036/index.html[22m [2m(+15ms)[22m 
[2m10:32:15[22m   [34m├─[39m [2m/posts/12223909956/index.html[22m [2m(+14ms)[22m 
[2m10:32:15[22m   [34m├─[39m [2m/posts/12224047068/index.html[22m [2m(+15ms)[22m 
[2m10:32:15[22m   [34m├─[39m [2m/posts/12223948497/index.html[22m [2m(+20ms)[22m 
[2m10:32:15[22m   [34m├─[39m [2m/posts/12223948386/index.html[22m [2m(+14ms)[22m 
[2m10:32:15[22m   [34m├─[39m [2m/posts/12224000814/index.html[22m [2m(+15ms)[22m 
[2m10:32:15[22m   [34m├─[39m [2m/posts/12223942641/index.html[22m [2m(+15ms)[22m 
[2m10:32:15[22m   [34m├─[39m [2m/posts/12223937856/index.html[22m [2m(+20ms)[22m 
[2m10:32:15[22m   [34m├─[39m [2m/posts/12223939818/index.html[22m [2m(+13ms)[22m 
[2m10:32:15[22m   [34m├─[39m [2m/posts/12223933560/index.html[22m [2m(+14ms)[22m 
[2m10:32:15[22m   [34m├─[39m [2m/posts/12223918824/index.html[22m [2m(+12ms)[22m 
[2m10:32:15[22m   [34m├─[39m [2m/posts/12223909893/index.html[22m [2m(+12ms)[22m 
[2m10:32:15[22m   [34m├─[39m [2m/posts/12223906062/index.html[22m [2m(+16ms)[22m 
[2m10:32:15[22m   [34m├─[39m [2m/posts/12223868457/index.html[22m [2m(+16ms)[22m 
[2m10:32:15[22m   [34m├─[39m [2m/posts/12223930587/index.html[22m [2m(+15ms)[22m 
[2m10:32:15[22m   [34m├─[39m [2m/posts/12223883601/index.html[22m [2m(+16ms)[22m 
[2m10:32:15[22m   [34m├─[39m [2m/posts/12223905480/index.html[22m [2m(+17ms)[22m 
[2m10:32:15[22m   [34m├─[39m [2m/posts/12223887111/index.html[22m [2m(+23ms)[22m 
[2m10:32:15[22m   [34m├─[39m [2m/posts/12223725003/index.html[22m [2m(+21ms)[22m 
[2m10:32:15[22m   [34m├─[39m [2m/posts/12223794690/index.html[22m [2m(+26ms)[22m 
[2m10:32:15[22m   [34m├─[39m [2m/posts/12223864857/index.html[22m [2m(+18ms)[22m 
[2m10:32:15[22m   [34m├─[39m [2m/posts/12223800363/index.html[22m [2m(+17ms)[22m 
[2m10:32:15[22m   [34m├─[39m [2m/posts/12223785894/index.html[22m [2m(+14ms)[22m 
[2m10:32:15[22m   [34m├─[39m [2m/posts/12223860111/index.html[22m [2m(+17ms)[22m 
[2m10:32:15[22m   [34m├─[39m [2m/posts/12223844829/index.html[22m [2m(+16ms)[22m 
[2m10:32:15[22m   [34m├─[39m [2m/posts/12223733652/index.html[22m [2m(+15ms)[22m 
[2m10:32:15[22m   [34m├─[39m [2m/posts/12223722312/index.html[22m [2m(+15ms)[22m 
[2m10:32:15[22m   [34m├─[39m [2m/posts/12223826625/index.html[22m [2m(+16ms)[22m 
[2m10:32:15[22m   [34m├─[39m [2m/posts/12223816287/index.html[22m [2m(+14ms)[22m 
[2m10:32:15[22m   [34m├─[39m [2m/posts/12223695057/index.html[22m [2m(+16ms)[22m 
[2m10:32:15[22m   [34m├─[39m [2m/posts/12223789755/index.html[22m [2m(+15ms)[22m 
[2m10:32:15[22m   [34m├─[39m [2m/posts/12223725771/index.html[22m [2m(+15ms)[22m 
[2m10:32:15[22m   [34m├─[39m [2m/posts/12223648983/index.html[22m [2m(+15ms)[22m 
[2m10:32:15[22m   [34m├─[39m [2m/posts/12223749156/index.html[22m [2m(+14ms)[22m 
[2m10:32:15[22m   [34m├─[39m [2m/posts/12223759701/index.html[22m [2m(+14ms)[22m 
[2m10:32:15[22m   [34m├─[39m [2m/posts/12223508826/index.html[22m [2m(+13ms)[22m 
[2m10:32:15[22m   [34m├─[39m [2m/posts/12223705311/index.html[22m [2m(+15ms)[22m 
[2m10:32:15[22m   [34m├─[39m [2m/posts/12223673613/index.html[22m [2m(+15ms)[22m 
[2m10:32:15[22m   [34m├─[39m [2m/posts/12223488060/index.html[22m [2m(+15ms)[22m 
[2m10:32:15[22m   [34m├─[39m [2m/posts/12223676184/index.html[22m [2m(+16ms)[22m 
[2m10:32:16[22m   [34m├─[39m [2m/posts/12223564962/index.html[22m [2m(+18ms)[22m 
[2m10:32:16[22m   [34m├─[39m [2m/posts/12223655469/index.html[22m [2m(+18ms)[22m 
[2m10:32:16[22m   [34m├─[39m [2m/posts/12223682214/index.html[22m [2m(+24ms)[22m 
[2m10:32:16[22m   [34m├─[39m [2m/posts/12223658727/index.html[22m [2m(+18ms)[22m 
[2m10:32:16[22m   [34m├─[39m [2m/posts/12223641558/index.html[22m [2m(+16ms)[22m 
[2m10:32:16[22m   [34m├─[39m [2m/posts/12223651014/index.html[22m [2m(+16ms)[22m 
[2m10:32:16[22m   [34m├─[39m [2m/posts/12223629591/index.html[22m [2m(+25ms)[22m 
[2m10:32:16[22m   [34m├─[39m [2m/posts/12223620966/index.html[22m [2m(+13ms)[22m 
[2m10:32:16[22m   [34m├─[39m [2m/posts/12223593342/index.html[22m [2m(+16ms)[22m 
[2m10:32:16[22m   [34m├─[39m [2m/posts/12223578324/index.html[22m [2m(+15ms)[22m 
[2m10:32:16[22m   [34m├─[39m [2m/posts/12223565088/index.html[22m [2m(+16ms)[22m 
[2m10:32:16[22m   [34m├─[39m [2m/posts/12223560903/index.html[22m [2m(+22ms)[22m 
[2m10:32:16[22m   [34m├─[39m [2m/posts/12223472718/index.html[22m [2m(+16ms)[22m 
[2m10:32:16[22m   [34m├─[39m [2m/posts/12223535880/index.html[22m [2m(+14ms)[22m 
[2m10:32:16[22m   [34m├─[39m [2m/posts/12223548513/index.html[22m [2m(+15ms)[22m 
[2m10:32:16[22m   [34m├─[39m [2m/posts/12223464903/index.html[22m [2m(+15ms)[22m 
[2m10:32:16[22m   [34m├─[39m [2m/posts/12223424544/index.html[22m [2m(+15ms)[22m 
[2m10:32:16[22m   [34m├─[39m [2m/posts/12223376820/index.html[22m [2m(+16ms)[22m 
[2m10:32:16[22m   [34m├─[39m [2m/posts/12223375437/index.html[22m [2m(+15ms)[22m 
[2m10:32:16[22m   [34m├─[39m [2m/posts/12223331907/index.html[22m [2m(+15ms)[22m 
[2m10:32:16[22m   [34m├─[39m [2m/posts/12223402476/index.html[22m [2m(+15ms)[22m 
[2m10:32:16[22m   [34m├─[39m [2m/posts/12223243191/index.html[22m [2m(+16ms)[22m 
[2m10:32:16[22m   [34m├─[39m [2m/posts/12223306788/index.html[22m [2m(+24ms)[22m 
[2m10:32:16[22m   [34m├─[39m [2m/posts/12223389495/index.html[22m [2m(+15ms)[22m 
[2m10:32:16[22m   [34m├─[39m [2m/posts/12223382313/index.html[22m [2m(+14ms)[22m 
[2m10:32:16[22m   [34m├─[39m [2m/posts/12223237371/index.html[22m [2m(+14ms)[22m 
[2m10:32:16[22m   [34m├─[39m [2m/posts/12223355343/index.html[22m [2m(+15ms)[22m 
[2m10:32:16[22m   [34m├─[39m [2m/posts/12223253736/index.html[22m [2m(+14ms)[22m 
[2m10:32:16[22m   [34m├─[39m [2m/posts/12223224609/index.html[22m [2m(+15ms)[22m 
[2m10:32:16[22m   [34m├─[39m [2m/posts/12223303719/index.html[22m [2m(+15ms)[22m 
[2m10:32:16[22m   [34m├─[39m [2m/posts/12223279038/index.html[22m [2m(+16ms)[22m 
[2m10:32:16[22m   [34m├─[39m [2m/posts/12223226886/index.html[22m [2m(+14ms)[22m 
[2m10:32:16[22m   [34m├─[39m [2m/posts/12223226952/index.html[22m [2m(+14ms)[22m 
[2m10:32:16[22m   [34m├─[39m [2m/posts/12223221954/index.html[22m [2m(+13ms)[22m 
[2m10:32:16[22m   [34m├─[39m [2m/posts/12223199655/index.html[22m [2m(+12ms)[22m 
[2m10:32:16[22m   [34m├─[39m [2m/posts/12223164771/index.html[22m [2m(+14ms)[22m 
[2m10:32:16[22m   [34m├─[39m [2m/posts/12223171128/index.html[22m [2m(+14ms)[22m 
[2m10:32:16[22m   [34m├─[39m [2m/posts/12223171560/index.html[22m [2m(+16ms)[22m 
[2m10:32:16[22m   [34m├─[39m [2m/posts/12223164393/index.html[22m [2m(+18ms)[22m 
[2m10:32:16[22m   [34m├─[39m [2m/posts/12223162143/index.html[22m [2m(+16ms)[22m 
[2m10:32:16[22m   [34m├─[39m [2m/posts/12223168962/index.html[22m [2m(+16ms)[22m 
[2m10:32:16[22m   [34m├─[39m [2m/posts/12223155567/index.html[22m [2m(+18ms)[22m 
[2m10:32:16[22m   [34m├─[39m [2m/posts/12223162365/index.html[22m [2m(+14ms)[22m 
[2m10:32:16[22m   [34m├─[39m [2m/posts/12223143585/index.html[22m [2m(+13ms)[22m 
[2m10:32:16[22m   [34m├─[39m [2m/posts/12223119597/index.html[22m [2m(+12ms)[22m 
[2m10:32:16[22m   [34m├─[39m [2m/posts/12223137939/index.html[22m [2m(+12ms)[22m 
[2m10:32:16[22m   [34m├─[39m [2m/posts/12223118796/index.html[22m [2m(+14ms)[22m 
[2m10:32:16[22m   [34m├─[39m [2m/posts/12222874917/index.html[22m [2m(+18ms)[22m 
[2m10:32:16[22m   [34m├─[39m [2m/posts/12223085133/index.html[22m [2m(+14ms)[22m 
[2m10:32:16[22m   [34m├─[39m [2m/posts/12223101816/index.html[22m [2m(+13ms)[22m 
[2m10:32:16[22m   [34m├─[39m [2m/posts/12223092090/index.html[22m [2m(+14ms)[22m 
[2m10:32:16[22m   [34m├─[39m [2m/posts/12223048797/index.html[22m [2m(+14ms)[22m 
[2m10:32:16[22m   [34m├─[39m [2m/posts/12223049217/index.html[22m [2m(+15ms)[22m 
[2m10:32:16[22m   [34m├─[39m [2m/posts/12223031292/index.html[22m [2m(+15ms)[22m 
[2m10:32:16[22m   [34m├─[39m [2m/posts/12222992559/index.html[22m [2m(+14ms)[22m 
[2m10:32:16[22m   [34m├─[39m [2m/posts/12222969117/index.html[22m [2m(+13ms)[22m 
[2m10:32:16[22m   [34m├─[39m [2m/posts/12222962829/index.html[22m [2m(+14ms)[22m 
[2m10:32:16[22m   [34m├─[39m [2m/posts/12222929421/index.html[22m [2m(+14ms)[22m 
[2m10:32:16[22m   [34m├─[39m [2m/posts/12222894153/index.html[22m [2m(+14ms)[22m 
[2m10:32:16[22m   [34m├─[39m [2m/posts/12222863751/index.html[22m [2m(+15ms)[22m 
[2m10:32:16[22m   [34m├─[39m [2m/posts/12222850968/index.html[22m [2m(+13ms)[22m 
[2m10:32:16[22m   [34m├─[39m [2m/posts/12222841185/index.html[22m [2m(+15ms)[22m 
[2m10:32:16[22m   [34m├─[39m [2m/posts/12221738499/index.html[22m [2m(+17ms)[22m 
[2m10:32:16[22m   [34m├─[39m [2m/posts/12222827667/index.html[22m [2m(+14ms)[22m 
[2m10:32:17[22m   [34m├─[39m [2m/posts/12222823665/index.html[22m [2m(+13ms)[22m 
[2m10:32:17[22m   [34m├─[39m [2m/posts/12214051354/index.html[22m [2m(+14ms)[22m 
[2m10:32:17[22m   [34m├─[39m [2m/posts/12222704472/index.html[22m [2m(+15ms)[22m 
[2m10:32:17[22m   [34m├─[39m [2m/posts/12222795936/index.html[22m [2m(+14ms)[22m 
[2m10:32:17[22m   [34m├─[39m [2m/posts/12222790032/index.html[22m [2m(+15ms)[22m 
[2m10:32:17[22m   [34m├─[39m [2m/posts/12222787395/index.html[22m [2m(+14ms)[22m 
[2m10:32:17[22m   [34m├─[39m [2m/posts/12222758691/index.html[22m [2m(+14ms)[22m 
[2m10:32:17[22m   [34m├─[39m [2m/posts/12222754656/index.html[22m [2m(+14ms)[22m 
[2m10:32:17[22m   [34m├─[39m [2m/posts/12222726009/index.html[22m [2m(+13ms)[22m 
[2m10:32:17[22m   [34m├─[39m [2m/posts/12222721587/index.html[22m [2m(+13ms)[22m 
[2m10:32:17[22m   [34m├─[39m [2m/posts/12222644040/index.html[22m [2m(+14ms)[22m 
[2m10:32:17[22m   [34m├─[39m [2m/posts/12222687849/index.html[22m [2m(+14ms)[22m 
[2m10:32:17[22m   [34m├─[39m [2m/posts/12222659328/index.html[22m [2m(+15ms)[22m 
[2m10:32:17[22m   [34m├─[39m [2m/posts/12222651666/index.html[22m [2m(+15ms)[22m 
[2m10:32:17[22m   [34m├─[39m [2m/posts/12222631200/index.html[22m [2m(+13ms)[22m 
[2m10:32:17[22m   [34m├─[39m [2m/posts/12222618789/index.html[22m [2m(+13ms)[22m 
[2m10:32:17[22m   [34m├─[39m [2m/posts/12222574542/index.html[22m [2m(+16ms)[22m 
[2m10:32:17[22m   [34m├─[39m [2m/posts/12222585387/index.html[22m [2m(+16ms)[22m 
[2m10:32:17[22m   [34m├─[39m [2m/posts/12222542751/index.html[22m [2m(+14ms)[22m 
[2m10:32:17[22m   [34m├─[39m [2m/posts/12222570474/index.html[22m [2m(+14ms)[22m 
[2m10:32:17[22m   [34m├─[39m [2m/posts/12222551871/index.html[22m [2m(+14ms)[22m 
[2m10:32:17[22m   [34m├─[39m [2m/posts/12222543198/index.html[22m [2m(+13ms)[22m 
[2m10:32:17[22m   [34m├─[39m [2m/posts/12222538449/index.html[22m [2m(+14ms)[22m 
[2m10:32:17[22m   [34m├─[39m [2m/posts/12222538101/index.html[22m [2m(+15ms)[22m 
[2m10:32:17[22m   [34m├─[39m [2m/posts/12222518160/index.html[22m [2m(+12ms)[22m 
[2m10:32:17[22m   [34m├─[39m [2m/posts/12222513993/index.html[22m [2m(+14ms)[22m 
[2m10:32:17[22m   [34m├─[39m [2m/posts/12222513225/index.html[22m [2m(+14ms)[22m 
[2m10:32:17[22m   [34m├─[39m [2m/posts/12222401151/index.html[22m [2m(+14ms)[22m 
[2m10:32:17[22m   [34m├─[39m [2m/posts/12222497469/index.html[22m [2m(+15ms)[22m 
[2m10:32:17[22m   [34m├─[39m [2m/posts/12222492327/index.html[22m [2m(+14ms)[22m 
[2m10:32:17[22m   [34m├─[39m [2m/posts/12222489126/index.html[22m [2m(+14ms)[22m 
[2m10:32:17[22m   [34m├─[39m [2m/posts/12222422418/index.html[22m [2m(+14ms)[22m 
[2m10:32:17[22m   [34m├─[39m [2m/posts/12222472512/index.html[22m [2m(+13ms)[22m 
[2m10:32:17[22m   [34m├─[39m [2m/posts/12222472086/index.html[22m [2m(+13ms)[22m 
[2m10:32:17[22m   [34m├─[39m [2m/posts/12222466077/index.html[22m [2m(+14ms)[22m 
[2m10:32:17[22m   [34m├─[39m [2m/posts/12222450813/index.html[22m [2m(+14ms)[22m 
[2m10:32:17[22m   [34m├─[39m [2m/posts/12222444225/index.html[22m [2m(+15ms)[22m 
[2m10:32:17[22m   [34m├─[39m [2m/posts/12222426732/index.html[22m [2m(+16ms)[22m 
[2m10:32:17[22m   [34m├─[39m [2m/posts/12222382542/index.html[22m [2m(+15ms)[22m 
[2m10:32:17[22m   [34m├─[39m [2m/posts/12222391554/index.html[22m [2m(+14ms)[22m 
[2m10:32:17[22m   [34m├─[39m [2m/posts/12222381651/index.html[22m [2m(+13ms)[22m 
[2m10:32:17[22m   [34m├─[39m [2m/posts/12222373182/index.html[22m [2m(+12ms)[22m 
[2m10:32:17[22m   [34m├─[39m [2m/posts/12222346128/index.html[22m [2m(+13ms)[22m 
[2m10:32:17[22m   [34m├─[39m [2m/posts/12222322050/index.html[22m [2m(+13ms)[22m 
[2m10:32:17[22m   [34m├─[39m [2m/posts/12222336297/index.html[22m [2m(+12ms)[22m 
[2m10:32:17[22m   [34m├─[39m [2m/posts/12222318477/index.html[22m [2m(+12ms)[22m 
[2m10:32:17[22m   [34m├─[39m [2m/posts/12222301743/index.html[22m [2m(+13ms)[22m 
[2m10:32:17[22m   [34m├─[39m [2m/posts/12222288126/index.html[22m [2m(+15ms)[22m 
[2m10:32:17[22m   [34m├─[39m [2m/posts/12222287223/index.html[22m [2m(+15ms)[22m 
[2m10:32:17[22m   [34m├─[39m [2m/posts/12222286011/index.html[22m [2m(+15ms)[22m 
[2m10:32:17[22m   [34m├─[39m [2m/posts/12222281190/index.html[22m [2m(+14ms)[22m 
[2m10:32:17[22m   [34m├─[39m [2m/posts/12222271890/index.html[22m [2m(+14ms)[22m 
[2m10:32:17[22m   [34m├─[39m [2m/posts/12222251328/index.html[22m [2m(+17ms)[22m 
[2m10:32:17[22m   [34m├─[39m [2m/posts/12222237756/index.html[22m [2m(+14ms)[22m 
[2m10:32:17[22m   [34m├─[39m [2m/posts/12222221922/index.html[22m [2m(+14ms)[22m 
[2m10:32:17[22m   [34m├─[39m [2m/posts/12222220761/index.html[22m [2m(+13ms)[22m 
[2m10:32:17[22m   [34m├─[39m [2m/posts/12222217209/index.html[22m [2m(+13ms)[22m 
[2m10:32:17[22m   [34m├─[39m [2m/posts/12222209520/index.html[22m [2m(+13ms)[22m 
[2m10:32:17[22m   [34m├─[39m [2m/posts/12222204975/index.html[22m [2m(+14ms)[22m 
[2m10:32:17[22m   [34m├─[39m [2m/posts/12222188106/index.html[22m [2m(+13ms)[22m 
[2m10:32:17[22m   [34m├─[39m [2m/posts/12222176391/index.html[22m [2m(+14ms)[22m 
[2m10:32:17[22m   [34m├─[39m [2m/posts/12222183501/index.html[22m [2m(+15ms)[22m 
[2m10:32:17[22m   [34m├─[39m [2m/posts/12222170085/index.html[22m [2m(+14ms)[22m 
[2m10:32:17[22m   [34m├─[39m [2m/posts/12222165066/index.html[22m [2m(+14ms)[22m 
[2m10:32:17[22m   [34m├─[39m [2m/posts/12222162657/index.html[22m [2m(+13ms)[22m 
[2m10:32:17[22m   [34m├─[39m [2m/posts/12222122079/index.html[22m [2m(+12ms)[22m 
[2m10:32:17[22m   [34m├─[39m [2m/posts/12222140157/index.html[22m [2m(+12ms)[22m 
[2m10:32:17[22m   [34m├─[39m [2m/posts/12222111273/index.html[22m [2m(+15ms)[22m 
[2m10:32:17[22m   [34m├─[39m [2m/posts/12222128922/index.html[22m [2m(+14ms)[22m 
[2m10:32:17[22m   [34m├─[39m [2m/posts/12222106764/index.html[22m [2m(+14ms)[22m 
[2m10:32:17[22m   [34m├─[39m [2m/posts/12222097455/index.html[22m [2m(+15ms)[22m 
[2m10:32:17[22m   [34m├─[39m [2m/posts/12222096135/index.html[22m [2m(+14ms)[22m 
[2m10:32:18[22m   [34m├─[39m [2m/posts/12222067650/index.html[22m [2m(+15ms)[22m 
[2m10:32:18[22m   [34m├─[39m [2m/posts/12222081936/index.html[22m [2m(+16ms)[22m 
[2m10:32:18[22m   [34m├─[39m [2m/posts/12222055896/index.html[22m [2m(+15ms)[22m 
[2m10:32:18[22m   [34m├─[39m [2m/posts/12222022221/index.html[22m [2m(+14ms)[22m 
[2m10:32:18[22m   [34m├─[39m [2m/posts/12222045930/index.html[22m [2m(+15ms)[22m 
[2m10:32:18[22m   [34m├─[39m [2m/posts/12222019104/index.html[22m [2m(+17ms)[22m 
[2m10:32:18[22m   [34m├─[39m [2m/posts/12222026874/index.html[22m [2m(+16ms)[22m 
[2m10:32:18[22m   [34m├─[39m [2m/posts/12222020868/index.html[22m [2m(+18ms)[22m 
[2m10:32:18[22m   [34m├─[39m [2m/posts/12222009261/index.html[22m [2m(+17ms)[22m 
[2m10:32:18[22m   [34m├─[39m [2m/posts/12222002166/index.html[22m [2m(+15ms)[22m 
[2m10:32:18[22m   [34m├─[39m [2m/posts/12221993505/index.html[22m [2m(+20ms)[22m 
[2m10:32:18[22m   [34m├─[39m [2m/posts/12221982471/index.html[22m [2m(+17ms)[22m 
[2m10:32:18[22m   [34m├─[39m [2m/posts/12221925639/index.html[22m [2m(+16ms)[22m 
[2m10:32:18[22m   [34m├─[39m [2m/posts/12221916594/index.html[22m [2m(+17ms)[22m 
[2m10:32:18[22m   [34m├─[39m [2m/posts/12221911575/index.html[22m [2m(+18ms)[22m 
[2m10:32:18[22m   [34m├─[39m [2m/posts/12221908377/index.html[22m [2m(+16ms)[22m 
[2m10:32:18[22m   [34m├─[39m [2m/posts/12221881710/index.html[22m [2m(+24ms)[22m 
[2m10:32:18[22m   [34m├─[39m [2m/posts/12221812869/index.html[22m [2m(+19ms)[22m 
[2m10:32:18[22m   [34m├─[39m [2m/posts/12221863206/index.html[22m [2m(+22ms)[22m 
[2m10:32:18[22m   [34m├─[39m [2m/posts/12221862207/index.html[22m [2m(+20ms)[22m 
[2m10:32:18[22m   [34m├─[39m [2m/posts/12221814513/index.html[22m [2m(+23ms)[22m 
[2m10:32:18[22m   [34m├─[39m [2m/posts/12221780157/index.html[22m [2m(+27ms)[22m 
[2m10:32:18[22m   [34m├─[39m [2m/posts/12221764878/index.html[22m [2m(+21ms)[22m 
[2m10:32:18[22m   [34m├─[39m [2m/posts/12221693832/index.html[22m [2m(+18ms)[22m 
[2m10:32:18[22m   [34m├─[39m [2m/posts/12221669775/index.html[22m [2m(+19ms)[22m 
[2m10:32:18[22m   [34m├─[39m [2m/posts/12221657781/index.html[22m [2m(+18ms)[22m 
[2m10:32:18[22m   [34m├─[39m [2m/posts/12221646258/index.html[22m [2m(+16ms)[22m 
[2m10:32:18[22m   [34m├─[39m [2m/posts/12221619996/index.html[22m [2m(+16ms)[22m 
[2m10:32:18[22m   [34m├─[39m [2m/posts/12221592009/index.html[22m [2m(+15ms)[22m 
[2m10:32:18[22m   [34m├─[39m [2m/posts/12221591628/index.html[22m [2m(+15ms)[22m 
[2m10:32:18[22m   [34m├─[39m [2m/posts/12221549949/index.html[22m [2m(+14ms)[22m 
[2m10:32:18[22m   [34m├─[39m [2m/posts/12221549043/index.html[22m [2m(+16ms)[22m 
[2m10:32:18[22m   [34m├─[39m [2m/posts/12221510544/index.html[22m [2m(+14ms)[22m 
[2m10:32:18[22m   [34m├─[39m [2m/posts/12221475849/index.html[22m [2m(+14ms)[22m 
[2m10:32:18[22m   [34m├─[39m [2m/posts/12221475780/index.html[22m [2m(+13ms)[22m 
[2m10:32:18[22m   [34m├─[39m [2m/posts/12221449272/index.html[22m [2m(+13ms)[22m 
[2m10:32:18[22m   [34m├─[39m [2m/posts/12221169843/index.html[22m [2m(+13ms)[22m 
[2m10:32:18[22m   [34m├─[39m [2m/posts/12220957641/index.html[22m [2m(+14ms)[22m 
[2m10:32:18[22m   [34m├─[39m [2m/posts/12220941999/index.html[22m [2m(+12ms)[22m 
[2m10:32:18[22m   [34m├─[39m [2m/posts/12220836435/index.html[22m [2m(+14ms)[22m 
[2m10:32:18[22m   [34m├─[39m [2m/posts/12220612710/index.html[22m [2m(+20ms)[22m 
[2m10:32:18[22m   [34m├─[39m [2m/posts/12220183353/index.html[22m [2m(+17ms)[22m 
[2m10:32:18[22m   [34m├─[39m [2m/posts/12220181664/index.html[22m [2m(+17ms)[22m 
[2m10:32:18[22m   [34m├─[39m [2m/posts/12220054077/index.html[22m [2m(+20ms)[22m 
[2m10:32:18[22m   [34m├─[39m [2m/posts/12219964512/index.html[22m [2m(+15ms)[22m 
[2m10:32:18[22m   [34m├─[39m [2m/posts/12219777594/index.html[22m [2m(+15ms)[22m 
[2m10:32:18[22m   [34m├─[39m [2m/posts/12219763278/index.html[22m [2m(+22ms)[22m 
[2m10:32:18[22m   [34m├─[39m [2m/posts/12219480108/index.html[22m [2m(+13ms)[22m 
[2m10:32:18[22m   [34m├─[39m [2m/posts/12219348228/index.html[22m [2m(+15ms)[22m 
[2m10:32:18[22m   [34m├─[39m [2m/posts/12219346491/index.html[22m [2m(+16ms)[22m 
[2m10:32:18[22m   [34m├─[39m [2m/posts/12219263757/index.html[22m [2m(+14ms)[22m 
[2m10:32:18[22m   [34m├─[39m [2m/posts/12219253179/index.html[22m [2m(+13ms)[22m 
[2m10:32:18[22m   [34m├─[39m [2m/posts/12219043518/index.html[22m [2m(+15ms)[22m 
[2m10:32:18[22m   [34m├─[39m [2m/posts/12219196674/index.html[22m [2m(+14ms)[22m 
[2m10:32:18[22m   [34m├─[39m [2m/posts/12219166476/index.html[22m [2m(+13ms)[22m 
[2m10:32:18[22m   [34m├─[39m [2m/posts/12219070230/index.html[22m [2m(+15ms)[22m 
[2m10:32:18[22m   [34m├─[39m [2m/posts/12218719965/index.html[22m [2m(+15ms)[22m 
[2m10:32:18[22m   [34m├─[39m [2m/posts/12218881626/index.html[22m [2m(+14ms)[22m 
[2m10:32:18[22m   [34m├─[39m [2m/posts/12218679432/index.html[22m [2m(+13ms)[22m 
[2m10:32:18[22m   [34m├─[39m [2m/posts/12218529246/index.html[22m [2m(+12ms)[22m 
[2m10:32:18[22m   [34m├─[39m [2m/posts/12218517063/index.html[22m [2m(+12ms)[22m 
[2m10:32:18[22m   [34m├─[39m [2m/posts/12218445846/index.html[22m [2m(+13ms)[22m 
[2m10:32:19[22m   [34m├─[39m [2m/posts/12218357571/index.html[22m [2m(+15ms)[22m 
[2m10:32:19[22m   [34m├─[39m [2m/posts/12218354760/index.html[22m [2m(+16ms)[22m 
[2m10:32:19[22m   [34m├─[39m [2m/posts/12218141679/index.html[22m [2m(+16ms)[22m 
[2m10:32:19[22m   [34m├─[39m [2m/posts/12218068200/index.html[22m [2m(+14ms)[22m 
[2m10:32:19[22m   [34m├─[39m [2m/posts/12218016438/index.html[22m [2m(+15ms)[22m 
[2m10:32:19[22m   [34m├─[39m [2m/posts/12217965123/index.html[22m [2m(+16ms)[22m 
[2m10:32:19[22m   [34m├─[39m [2m/posts/12217912731/index.html[22m [2m(+14ms)[22m 
[2m10:32:19[22m   [34m├─[39m [2m/posts/12217858536/index.html[22m [2m(+13ms)[22m 
[2m10:32:19[22m   [34m├─[39m [2m/posts/12217857066/index.html[22m [2m(+16ms)[22m 
[2m10:32:19[22m   [34m├─[39m [2m/posts/12217744974/index.html[22m [2m(+15ms)[22m 
[2m10:32:19[22m   [34m├─[39m [2m/posts/12217598829/index.html[22m [2m(+13ms)[22m 
[2m10:32:19[22m   [34m├─[39m [2m/posts/12217694646/index.html[22m [2m(+12ms)[22m 
[2m10:32:19[22m   [34m├─[39m [2m/posts/12217544691/index.html[22m [2m(+12ms)[22m 
[2m10:32:19[22m   [34m├─[39m [2m/posts/12217510860/index.html[22m [2m(+13ms)[22m 
[2m10:32:19[22m   [34m├─[39m [2m/posts/12217093155/index.html[22m [2m(+14ms)[22m 
[2m10:32:19[22m   [34m├─[39m [2m/posts/12217360209/index.html[22m [2m(+15ms)[22m 
[2m10:32:19[22m   [34m├─[39m [2m/posts/12217300842/index.html[22m [2m(+16ms)[22m 
[2m10:32:19[22m   [34m├─[39m [2m/posts/12217026275/index.html[22m [2m(+16ms)[22m 
[2m10:32:19[22m   [34m├─[39m [2m/posts/12217254894/index.html[22m [2m(+13ms)[22m 
[2m10:32:19[22m   [34m├─[39m [2m/posts/12216996395/index.html[22m [2m(+13ms)[22m 
[2m10:32:19[22m   [34m├─[39m [2m/posts/12217234116/index.html[22m [2m(+13ms)[22m 
[2m10:32:19[22m   [34m├─[39m [2m/posts/12216882764/index.html[22m [2m(+13ms)[22m 
[2m10:32:19[22m   [34m├─[39m [2m/posts/12217011860/index.html[22m [2m(+13ms)[22m 
[2m10:32:19[22m   [34m├─[39m [2m/posts/12216658091/index.html[22m [2m(+17ms)[22m 
[2m10:32:19[22m   [34m├─[39m [2m/posts/12216993296/index.html[22m [2m(+15ms)[22m 
[2m10:32:19[22m   [34m├─[39m [2m/posts/12216951575/index.html[22m [2m(+13ms)[22m 
[2m10:32:19[22m   [34m├─[39m [2m/posts/12216935858/index.html[22m [2m(+14ms)[22m 
[2m10:32:19[22m   [34m├─[39m [2m/posts/12216914843/index.html[22m [2m(+13ms)[22m 
[2m10:32:19[22m   [34m├─[39m [2m/posts/12216910463/index.html[22m [2m(+12ms)[22m 
[2m10:32:19[22m   [34m├─[39m [2m/posts/12216629534/index.html[22m [2m(+13ms)[22m 
[2m10:32:19[22m   [34m├─[39m [2m/posts/12216627215/index.html[22m [2m(+12ms)[22m 
[2m10:32:19[22m   [34m├─[39m [2m/posts/12216584675/index.html[22m [2m(+12ms)[22m 
[2m10:32:19[22m   [34m├─[39m [2m/posts/12216434132/index.html[22m [2m(+13ms)[22m 
[2m10:32:19[22m   [34m├─[39m [2m/posts/12216430856/index.html[22m [2m(+13ms)[22m 
[2m10:32:19[22m   [34m├─[39m [2m/posts/12216289445/index.html[22m [2m(+18ms)[22m 
[2m10:32:19[22m   [34m├─[39m [2m/posts/12216233690/index.html[22m [2m(+27ms)[22m 
[2m10:32:19[22m   [34m├─[39m [2m/posts/12216172910/index.html[22m [2m(+22ms)[22m 
[2m10:32:19[22m   [34m├─[39m [2m/posts/12216153389/index.html[22m [2m(+17ms)[22m 
[2m10:32:19[22m   [34m├─[39m [2m/posts/12216041258/index.html[22m [2m(+21ms)[22m 
[2m10:32:19[22m   [34m├─[39m [2m/posts/12216040106/index.html[22m [2m(+13ms)[22m 
[2m10:32:19[22m   [34m├─[39m [2m/posts/12216005504/index.html[22m [2m(+13ms)[22m 
[2m10:32:19[22m   [34m├─[39m [2m/posts/12215836445/index.html[22m [2m(+13ms)[22m 
[2m10:32:19[22m   [34m├─[39m [2m/posts/12215606285/index.html[22m [2m(+13ms)[22m 
[2m10:32:19[22m   [34m├─[39m [2m/posts/12215601200/index.html[22m [2m(+15ms)[22m 
[2m10:32:19[22m   [34m├─[39m [2m/posts/12215336210/index.html[22m [2m(+16ms)[22m 
[2m10:32:19[22m   [34m├─[39m [2m/posts/12215333222/index.html[22m [2m(+14ms)[22m 
[2m10:32:19[22m   [34m├─[39m [2m/posts/12215218634/index.html[22m [2m(+15ms)[22m 
[2m10:32:19[22m   [34m├─[39m [2m/posts/12215216780/index.html[22m [2m(+14ms)[22m 
[2m10:32:19[22m   [34m├─[39m [2m/posts/12215200985/index.html[22m [2m(+15ms)[22m 
[2m10:32:19[22m   [34m├─[39m [2m/posts/12215198792/index.html[22m [2m(+13ms)[22m 
[2m10:32:19[22m   [34m├─[39m [2m/posts/12214865279/index.html[22m [2m(+15ms)[22m 
[2m10:32:19[22m   [34m├─[39m [2m/posts/12214805411/index.html[22m [2m(+14ms)[22m 
[2m10:32:19[22m   [34m├─[39m [2m/posts/12214765550/index.html[22m [2m(+15ms)[22m 
[2m10:32:19[22m   [34m├─[39m [2m/posts/12214746968/index.html[22m [2m(+17ms)[22m 
[2m10:32:19[22m   [34m├─[39m [2m/posts/12214678244/index.html[22m [2m(+16ms)[22m 
[2m10:32:19[22m   [34m├─[39m [2m/posts/12214598792/index.html[22m [2m(+15ms)[22m 
[2m10:32:19[22m   [34m├─[39m [2m/posts/12214512650/index.html[22m [2m(+14ms)[22m 
[2m10:32:19[22m   [34m├─[39m [2m/posts/12214429172/index.html[22m [2m(+13ms)[22m 
[2m10:32:19[22m   [34m├─[39m [2m/posts/12214221301/index.html[22m [2m(+14ms)[22m 
[2m10:32:19[22m   [34m├─[39m [2m/posts/12214184035/index.html[22m [2m(+15ms)[22m 
[2m10:32:19[22m   [34m├─[39m [2m/posts/12214211953/index.html[22m [2m(+14ms)[22m 
[2m10:32:19[22m   [34m├─[39m [2m/posts/12213869413/index.html[22m [2m(+14ms)[22m 
[2m10:32:19[22m   [34m├─[39m [2m/posts/12213869236/index.html[22m [2m(+13ms)[22m 
[2m10:32:19[22m   [34m├─[39m [2m/posts/12213866407/index.html[22m [2m(+14ms)[22m 
[2m10:32:19[22m   [34m├─[39m [2m/posts/12213742684/index.html[22m [2m(+14ms)[22m 
[2m10:32:19[22m   [34m├─[39m [2m/posts/12213714016/index.html[22m [2m(+15ms)[22m 
[2m10:32:19[22m   [34m├─[39m [2m/posts/12213691540/index.html[22m [2m(+13ms)[22m 
[2m10:32:19[22m   [34m├─[39m [2m/posts/12213691177/index.html[22m [2m(+12ms)[22m 
[2m10:32:20[22m   [34m├─[39m [2m/posts/12213673300/index.html[22m [2m(+15ms)[22m 
[2m10:32:20[22m   [34m├─[39m [2m/posts/12213650668/index.html[22m [2m(+17ms)[22m 
[2m10:32:20[22m   [34m├─[39m [2m/posts/12213327118/index.html[22m [2m(+25ms)[22m 
[2m10:32:20[22m   [34m├─[39m [2m/posts/12213527974/index.html[22m [2m(+16ms)[22m 
[2m10:32:20[22m   [34m├─[39m [2m/posts/12213503005/index.html[22m [2m(+14ms)[22m 
[2m10:32:20[22m   [34m├─[39m [2m/posts/12213123751/index.html[22m [2m(+13ms)[22m 
[2m10:32:20[22m   [34m├─[39m [2m/posts/12213121687/index.html[22m [2m(+14ms)[22m 
[2m10:32:20[22m   [34m├─[39m [2m/posts/12212917852/index.html[22m [2m(+12ms)[22m 
[2m10:32:20[22m   [34m├─[39m [2m/posts/12212881705/index.html[22m [2m(+12ms)[22m 
[2m10:32:20[22m   [34m├─[39m [2m/posts/12212747860/index.html[22m [2m(+15ms)[22m 
[2m10:32:20[22m   [34m├─[39m [2m/posts/12212410045/index.html[22m [2m(+29ms)[22m 
[2m10:32:20[22m   [34m├─[39m [2m/posts/12212224591/index.html[22m [2m(+15ms)[22m 
[2m10:32:20[22m   [34m├─[39m [2m/posts/12212196619/index.html[22m [2m(+15ms)[22m 
[2m10:32:20[22m   [34m├─[39m [2m/posts/12212191720/index.html[22m [2m(+14ms)[22m 
[2m10:32:20[22m   [34m├─[39m [2m/posts/12211941988/index.html[22m [2m(+15ms)[22m 
[2m10:32:20[22m   [34m├─[39m [2m/posts/12211688131/index.html[22m [2m(+15ms)[22m 
[2m10:32:20[22m   [34m├─[39m [2m/posts/12211686292/index.html[22m [2m(+14ms)[22m 
[2m10:32:20[22m   [34m├─[39m [2m/posts/12211429141/index.html[22m [2m(+14ms)[22m 
[2m10:32:20[22m   [34m├─[39m [2m/posts/12211127140/index.html[22m [2m(+14ms)[22m 
[2m10:32:20[22m   [34m├─[39m [2m/posts/12211074433/index.html[22m [2m(+14ms)[22m 
[2m10:32:20[22m   [34m├─[39m [2m/posts/12211069915/index.html[22m [2m(+14ms)[22m 
[2m10:32:20[22m   [34m├─[39m [2m/posts/12210838447/index.html[22m [2m(+15ms)[22m 
[2m10:32:20[22m   [34m├─[39m [2m/posts/12210640042/index.html[22m [2m(+13ms)[22m 
[2m10:32:20[22m   [34m├─[39m [2m/posts/12210573619/index.html[22m [2m(+12ms)[22m 
[2m10:32:20[22m   [34m├─[39m [2m/posts/12210549349/index.html[22m [2m(+13ms)[22m 
[2m10:32:20[22m   [34m├─[39m [2m/posts/12209910709/index.html[22m [2m(+13ms)[22m 
[2m10:32:20[22m   [34m├─[39m [2m/posts/12209653876/index.html[22m [2m(+13ms)[22m 
[2m10:32:20[22m   [34m├─[39m [2m/posts/12209332888/index.html[22m [2m(+16ms)[22m 
[2m10:32:20[22m   [34m├─[39m [2m/posts/12209279128/index.html[22m [2m(+14ms)[22m 
[2m10:32:20[22m   [34m├─[39m [2m/posts/12209114680/index.html[22m [2m(+13ms)[22m 
[2m10:32:20[22m   [34m├─[39m [2m/posts/12209096401/index.html[22m [2m(+16ms)[22m 
[2m10:32:20[22m   [34m├─[39m [2m/posts/12209010178/index.html[22m [2m(+14ms)[22m 
[2m10:32:20[22m   [34m├─[39m [2m/posts/12208873957/index.html[22m [2m(+15ms)[22m 
[2m10:32:20[22m   [34m├─[39m [2m/posts/12208715311/index.html[22m [2m(+15ms)[22m 
[2m10:32:20[22m   [34m├─[39m [2m/posts/12208715110/index.html[22m [2m(+14ms)[22m 
[2m10:32:20[22m   [34m├─[39m [2m/posts/12208699222/index.html[22m [2m(+13ms)[22m 
[2m10:32:20[22m   [34m├─[39m [2m/posts/12208470850/index.html[22m [2m(+15ms)[22m 
[2m10:32:20[22m   [34m├─[39m [2m/posts/12208388308/index.html[22m [2m(+14ms)[22m 
[2m10:32:20[22m   [34m├─[39m [2m/posts/12208205662/index.html[22m [2m(+14ms)[22m 
[2m10:32:20[22m   [34m├─[39m [2m/posts/12208155379/index.html[22m [2m(+15ms)[22m 
[2m10:32:20[22m   [34m├─[39m [2m/posts/12207163234/index.html[22m [2m(+14ms)[22m 
[2m10:32:20[22m   [34m├─[39m [2m/posts/12207156352/index.html[22m [2m(+14ms)[22m 
[2m10:32:20[22m   [34m├─[39m [2m/posts/12206779864/index.html[22m [2m(+15ms)[22m 
[2m10:32:20[22m   [34m├─[39m [2m/posts/12206499607/index.html[22m [2m(+14ms)[22m 
[2m10:32:20[22m   [34m├─[39m [2m/posts/12205923685/index.html[22m [2m(+13ms)[22m 
[2m10:32:20[22m   [34m├─[39m [2m/posts/12205911838/index.html[22m [2m(+14ms)[22m 
[2m10:32:20[22m   [34m├─[39m [2m/posts/12205362622/index.html[22m [2m(+14ms)[22m 
[2m10:32:20[22m   [34m├─[39m [2m/posts/12205652428/index.html[22m [2m(+14ms)[22m 
[2m10:32:20[22m   [34m├─[39m [2m/posts/12205608520/index.html[22m [2m(+15ms)[22m 
[2m10:32:20[22m   [34m├─[39m [2m/posts/12205501021/index.html[22m [2m(+14ms)[22m 
[2m10:32:20[22m   [34m├─[39m [2m/posts/12205362427/index.html[22m [2m(+15ms)[22m 
[2m10:32:20[22m   [34m├─[39m [2m/posts/12205040188/index.html[22m [2m(+14ms)[22m 
[2m10:32:20[22m   [34m├─[39m [2m/posts/12205038157/index.html[22m [2m(+14ms)[22m 
[2m10:32:20[22m   [34m├─[39m [2m/posts/12204962857/index.html[22m [2m(+14ms)[22m 
[2m10:32:20[22m   [34m├─[39m [2m/posts/12204852859/index.html[22m [2m(+22ms)[22m 
[2m10:32:20[22m   [34m├─[39m [2m/posts/12204544045/index.html[22m [2m(+13ms)[22m 
[2m10:32:20[22m   [34m├─[39m [2m/posts/12204542842/index.html[22m [2m(+14ms)[22m 
[2m10:32:20[22m   [34m├─[39m [2m/posts/12204507580/index.html[22m [2m(+15ms)[22m 
[2m10:32:20[22m   [34m├─[39m [2m/posts/12204192769/index.html[22m [2m(+13ms)[22m 
[2m10:32:20[22m   [34m├─[39m [2m/posts/12204044770/index.html[22m [2m(+14ms)[22m 
[2m10:32:20[22m   [34m├─[39m [2m/posts/12203672548/index.html[22m [2m(+15ms)[22m 
[2m10:32:20[22m   [34m├─[39m [2m/posts/12203627497/index.html[22m [2m(+15ms)[22m 
[2m10:32:20[22m   [34m├─[39m [2m/posts/12203589934/index.html[22m [2m(+15ms)[22m 
[2m10:32:20[22m   [34m├─[39m [2m/posts/12203228653/index.html[22m [2m(+14ms)[22m 
[2m10:32:20[22m   [34m├─[39m [2m/posts/12202680460/index.html[22m [2m(+13ms)[22m 
[2m10:32:20[22m   [34m├─[39m [2m/posts/12202677241/index.html[22m [2m(+14ms)[22m 
[2m10:32:20[22m   [34m├─[39m [2m/posts/12202628140/index.html[22m [2m(+17ms)[22m 
[2m10:32:20[22m   [34m├─[39m [2m/posts/12202617046/index.html[22m [2m(+15ms)[22m 
[2m10:32:21[22m   [34m├─[39m [2m/posts/12202470244/index.html[22m [2m(+13ms)[22m 
[2m10:32:21[22m   [34m├─[39m [2m/posts/12202165861/index.html[22m [2m(+14ms)[22m 
[2m10:32:21[22m   [34m├─[39m [2m/posts/12201987280/index.html[22m [2m(+13ms)[22m 
[2m10:32:21[22m   [34m├─[39m [2m/posts/12201683488/index.html[22m [2m(+14ms)[22m 
[2m10:32:21[22m   [34m├─[39m [2m/posts/12201600130/index.html[22m [2m(+15ms)[22m 
[2m10:32:21[22m   [34m├─[39m [2m/posts/12199042474/index.html[22m [2m(+14ms)[22m 
[2m10:32:21[22m   [34m├─[39m [2m/posts/12198747733/index.html[22m [2m(+12ms)[22m 
[2m10:32:21[22m   [34m├─[39m [2m/posts/12196361035/index.html[22m [2m(+13ms)[22m 
[2m10:32:21[22m   [34m├─[39m [2m/posts/12194357269/index.html[22m [2m(+14ms)[22m 
[2m10:32:21[22m   [34m├─[39m [2m/posts/12192814528/index.html[22m [2m(+15ms)[22m 
[2m10:32:21[22m   [34m├─[39m [2m/posts/12192709930/index.html[22m [2m(+17ms)[22m 
[2m10:32:21[22m   [34m├─[39m [2m/posts/12192670144/index.html[22m [2m(+13ms)[22m 
[2m10:32:21[22m   [34m├─[39m [2m/posts/12191827687/index.html[22m [2m(+16ms)[22m 
[2m10:32:21[22m   [34m├─[39m [2m/posts/12191368132/index.html[22m [2m(+16ms)[22m 
[2m10:32:21[22m   [34m├─[39m [2m/posts/12191339125/index.html[22m [2m(+19ms)[22m 
[2m10:32:21[22m   [34m├─[39m [2m/posts/12191034448/index.html[22m [2m(+15ms)[22m 
[2m10:32:21[22m   [34m├─[39m [2m/posts/12190940965/index.html[22m [2m(+15ms)[22m 
[2m10:32:21[22m   [34m├─[39m [2m/posts/12190905775/index.html[22m [2m(+13ms)[22m 
[2m10:32:21[22m   [34m├─[39m [2m/posts/12190825186/index.html[22m [2m(+16ms)[22m 
[2m10:32:21[22m   [34m├─[39m [2m/posts/12190367986/index.html[22m [2m(+13ms)[22m 
[2m10:32:21[22m   [34m├─[39m [2m/posts/12189650512/index.html[22m [2m(+13ms)[22m 
[2m10:32:21[22m   [34m├─[39m [2m/posts/12189562387/index.html[22m [2m(+12ms)[22m 
[2m10:32:21[22m   [34m├─[39m [2m/posts/12189467845/index.html[22m [2m(+15ms)[22m 
[2m10:32:21[22m   [34m├─[39m [2m/posts/12189370822/index.html[22m [2m(+17ms)[22m 
[2m10:32:21[22m   [34m├─[39m [2m/posts/12189274486/index.html[22m [2m(+18ms)[22m 
[2m10:32:21[22m   [34m├─[39m [2m/posts/12189265234/index.html[22m [2m(+30ms)[22m 
[2m10:32:21[22m   [34m├─[39m [2m/posts/12189040429/index.html[22m [2m(+16ms)[22m 
[2m10:32:21[22m   [34m├─[39m [2m/posts/12188183914/index.html[22m [2m(+21ms)[22m 
[2m10:32:21[22m   [34m├─[39m [2m/posts/12188042521/index.html[22m [2m(+20ms)[22m 
[2m10:32:21[22m   [34m├─[39m [2m/posts/12186987298/index.html[22m [2m(+19ms)[22m 
[2m10:32:21[22m   [34m├─[39m [2m/posts/12185800675/index.html[22m [2m(+19ms)[22m 
[2m10:32:21[22m   [34m├─[39m [2m/posts/12185601781/index.html[22m [2m(+14ms)[22m 
[2m10:32:21[22m   [34m├─[39m [2m/posts/12184794781/index.html[22m [2m(+14ms)[22m 
[2m10:32:21[22m   [34m├─[39m [2m/posts/12184639069/index.html[22m [2m(+14ms)[22m 
[2m10:32:21[22m   [34m├─[39m [2m/posts/12184511755/index.html[22m [2m(+15ms)[22m 
[2m10:32:21[22m   [34m├─[39m [2m/posts/12184385107/index.html[22m [2m(+14ms)[22m 
[2m10:32:21[22m   [34m├─[39m [2m/posts/12183302209/index.html[22m [2m(+13ms)[22m 
[2m10:32:21[22m   [34m├─[39m [2m/posts/12183285256/index.html[22m [2m(+14ms)[22m 
[2m10:32:21[22m   [34m├─[39m [2m/posts/12182968045/index.html[22m [2m(+15ms)[22m 
[2m10:32:21[22m   [34m├─[39m [2m/posts/12183008551/index.html[22m [2m(+15ms)[22m 
[2m10:32:21[22m   [34m├─[39m [2m/posts/12182316574/index.html[22m [2m(+16ms)[22m 
[2m10:32:21[22m   [34m├─[39m [2m/posts/12181838775/index.html[22m [2m(+15ms)[22m 
[2m10:32:21[22m   [34m├─[39m [2m/posts/12181676485/index.html[22m [2m(+14ms)[22m 
[2m10:32:21[22m   [34m├─[39m [2m/posts/12181517782/index.html[22m [2m(+15ms)[22m 
[2m10:32:21[22m   [34m├─[39m [2m/posts/12181387855/index.html[22m [2m(+14ms)[22m 
[2m10:32:21[22m   [34m├─[39m [2m/posts/12180604702/index.html[22m [2m(+14ms)[22m 
[2m10:32:21[22m   [34m├─[39m [2m/posts/12180463030/index.html[22m [2m(+14ms)[22m 
[2m10:32:21[22m   [34m├─[39m [2m/posts/12180249034/index.html[22m [2m(+19ms)[22m 
[2m10:32:21[22m   [34m├─[39m [2m/posts/12179681200/index.html[22m [2m(+18ms)[22m 
[2m10:32:21[22m   [34m├─[39m [2m/posts/12179377579/index.html[22m [2m(+20ms)[22m 
[2m10:32:21[22m   [34m├─[39m [2m/posts/12178718344/index.html[22m [2m(+16ms)[22m 
[2m10:32:21[22m   [34m├─[39m [2m/posts/12178702573/index.html[22m [2m(+16ms)[22m 
[2m10:32:21[22m   [34m├─[39m [2m/posts/12178501420/index.html[22m [2m(+15ms)[22m 
[2m10:32:21[22m   [34m├─[39m [2m/posts/12178054786/index.html[22m [2m(+14ms)[22m 
[2m10:32:21[22m   [34m├─[39m [2m/posts/12177852637/index.html[22m [2m(+19ms)[22m 
[2m10:32:21[22m   [34m├─[39m [2m/posts/12177133849/index.html[22m [2m(+21ms)[22m 
[2m10:32:21[22m   [34m├─[39m [2m/posts/12175534636/index.html[22m [2m(+18ms)[22m 
[2m10:32:21[22m   [34m├─[39m [2m/posts/12174749200/index.html[22m [2m(+17ms)[22m 
[2m10:32:21[22m   [34m├─[39m [2m/posts/12174663532/index.html[22m [2m(+15ms)[22m 
[2m10:32:21[22m   [34m├─[39m [2m/posts/12172673044/index.html[22m [2m(+13ms)[22m 
[2m10:32:21[22m   [34m├─[39m [2m/posts/12166988656/index.html[22m [2m(+14ms)[22m 
[2m10:32:21[22m   [34m├─[39m [2m/posts/12165872218/index.html[22m [2m(+16ms)[22m 
[2m10:32:21[22m   [34m├─[39m [2m/posts/12164747068/index.html[22m [2m(+14ms)[22m 
[2m10:32:21[22m   [34m├─[39m [2m/posts/12160517401/index.html[22m [2m(+14ms)[22m 
[2m10:32:22[22m   [34m├─[39m [2m/posts/12159708082/index.html[22m [2m(+19ms)[22m 
[2m10:32:22[22m   [34m├─[39m [2m/posts/12152772457/index.html[22m [2m(+15ms)[22m 
[2m10:32:22[22m   [34m├─[39m [2m/posts/12145543618/index.html[22m [2m(+16ms)[22m 
[2m10:32:22[22m   [34m├─[39m [2m/posts/12143431792/index.html[22m [2m(+24ms)[22m 
[2m10:32:22[22m   [34m├─[39m [2m/posts/12142269550/index.html[22m [2m(+18ms)[22m 
[2m10:32:22[22m   [34m├─[39m [2m/posts/12138609760/index.html[22m [2m(+20ms)[22m 
[2m10:32:22[22m   [34m├─[39m [2m/posts/12136694017/index.html[22m [2m(+23ms)[22m 
[2m10:32:22[22m   [34m├─[39m [2m/posts/12135126367/index.html[22m [2m(+16ms)[22m 
[2m10:32:22[22m   [34m├─[39m [2m/posts/12133723429/index.html[22m [2m(+15ms)[22m 
[2m10:32:22[22m   [34m├─[39m [2m/posts/12127932508/index.html[22m [2m(+14ms)[22m 
[2m10:32:22[22m   [34m├─[39m [2m/posts/12118837180/index.html[22m [2m(+16ms)[22m 
[2m10:32:22[22m   [34m├─[39m [2m/posts/12117465766/index.html[22m [2m(+16ms)[22m 
[2m10:32:22[22m   [34m├─[39m [2m/posts/12116245072/index.html[22m [2m(+16ms)[22m 
[2m10:32:22[22m   [34m├─[39m [2m/posts/12112006345/index.html[22m [2m(+16ms)[22m 
[2m10:32:22[22m   [34m├─[39m [2m/posts/12106284496/index.html[22m [2m(+14ms)[22m 
[2m10:32:22[22m   [34m├─[39m [2m/posts/12105933271/index.html[22m [2m(+14ms)[22m 
[2m10:32:22[22m   [34m├─[39m [2m/posts/12098930902/index.html[22m [2m(+13ms)[22m 
[2m10:32:22[22m   [34m├─[39m [2m/posts/12097825063/index.html[22m [2m(+15ms)[22m 
[2m10:32:22[22m   [34m├─[39m [2m/posts/12096439405/index.html[22m [2m(+22ms)[22m 
[2m10:32:22[22m   [34m├─[39m [2m/posts/12092108088/index.html[22m [2m(+15ms)[22m 
[2m10:32:22[22m   [34m├─[39m [2m/posts/12088665150/index.html[22m [2m(+15ms)[22m 
[2m10:32:22[22m   [34m├─[39m [2m/posts/12087470730/index.html[22m [2m(+17ms)[22m 
[2m10:32:22[22m   [34m├─[39m [2m/posts/12087370986/index.html[22m [2m(+16ms)[22m 
[2m10:32:22[22m   [34m├─[39m [2m/posts/12086445234/index.html[22m [2m(+24ms)[22m 
[2m10:32:22[22m   [34m├─[39m [2m/posts/12086408307/index.html[22m [2m(+16ms)[22m 
[2m10:32:22[22m   [34m├─[39m [2m/posts/12083025372/index.html[22m [2m(+12ms)[22m 
[2m10:32:22[22m   [34m├─[39m [2m/posts/12082031214/index.html[22m [2m(+13ms)[22m 
[2m10:32:22[22m   [34m├─[39m [2m/posts/12078061170/index.html[22m [2m(+15ms)[22m 
[2m10:32:22[22m   [34m├─[39m [2m/posts/12077251311/index.html[22m [2m(+14ms)[22m 
[2m10:32:22[22m   [34m├─[39m [2m/posts/12077263533/index.html[22m [2m(+13ms)[22m 
[2m10:32:22[22m   [34m├─[39m [2m/posts/12082061583/index.html[22m [2m(+16ms)[22m 
[2m10:32:22[22m   [34m├─[39m [2m/posts/12082060758/index.html[22m [2m(+15ms)[22m 
[2m10:32:22[22m   [34m├─[39m [2m/posts/12082057317/index.html[22m [2m(+16ms)[22m 
[2m10:32:22[22m   [34m├─[39m [2m/posts/12083024121/index.html[22m [2m(+18ms)[22m 
[2m10:32:22[22m   [34m├─[39m [2m/posts/12077832906/index.html[22m [2m(+12ms)[22m 
[2m10:32:22[22m   [34m├─[39m [2m/posts/12077829636/index.html[22m [2m(+13ms)[22m 
[2m10:32:22[22m   [34m└─[39m [2m/posts/12077829366/index.html[22m [2m(+16ms)[22m 
[2m10:32:22[22m [32m▶[39m src/pages/search.astro
[2m10:32:22[22m   [34m└─[39m [2m/search/index.html[22m [2m(+8ms)[22m 
[2m10:32:22[22m [35mλ[39m src/pages/search.json.ts
[2m10:32:22[22m   [34m└─[39m [2m/search.json[22m [2m(+10ms)[22m 
[2m10:32:22[22m [32m▶[39m src/pages/tags/[tag].astro
[31m[1m10:32:22[22m [ERROR] [build][39m Failed to call getStaticPaths for src/pages/tags/[tag].astro
[31m[PageNumberParamNotFound][39m [paginate()] page number param `page` not found in your filepath.
  [1mHint:[22m
[33m    Rename your file to `[page].astro` or `[...page].astro`.[39m
  [1mError reference:[22m
    [36m[4mhttps://docs.astro.build/en/reference/errors/page-number-param-not-found/[24m[39m
  [1mLocation:[22m
    [4mC:\Hank\Other\project\picture\node_modules\astro\dist\core\render\paginate.js:16:13[24m
  [1mStack trace:[22m
[2m    at paginateUtility (file:///C:/Hank/Other/project/picture/node_modules/astro/dist/core/render/paginate.js:16:13)
    at Array.flatMap (<anonymous>)
    at async callGetStaticPaths (file:///C:/Hank/Other/project/picture/node_modules/astro/dist/core/render/route-cache.js:29:17)
    at async generatePage (file:///C:/Hank/Other/project/picture/node_modules/astro/dist/core/build/generate.js:181:19)
    at async staticBuild (file:///C:/Hank/Other/project/picture/node_modules/astro/dist/core/build/static-build.js:87:5)[22m
